case,run,controller,steady_anr_db,mean_selected_R,final_selected_R,mean_reference_mults,mult_ratio_fixed4,mean_candidate_mults,mean_management_mults,mean_resident_factor_coeffs,peak_resident_factor_coeffs,completed_switches,growth_accepts,prune_accepts,controller_wall_seconds
0,0,fixed_R1,-4.166956424713135,1,1,14167,0.7404871419611123,0,4,45,45,0,0,0,0.1553104999993593
0,0,fixed_R2,-6.403198719024658,2,2,15822,0.8269914279740749,0,4,90,90,0,0,0,0.15633190000153263
0,0,fixed_R4,-8.599274635314941,4,4,19132,1.0,0,4,180,180,0,0,0,0.15394610000385
0,0,fixed_R8,-9.538248062133789,8,8,25752,1.3460171440518502,0,4,360,360,0,0,0,0.15658020003138517
0,0,full_RFF_MCC,-12.44495964050293,,,14508,0.758310683671336,0,4,500,500,0,0,0,0.07652560005226405
0,0,adaptive,-6.628109931945801,2.4875,3,18742.35775,0.9796340032406439,2093.4375,24.10775,168.778125,225,1,1,0,0.2625590999459746
1,0,fixed_R1,-3.3165223598480225,1,1,14167,0.7404871419611123,0,4,45,45,0,0,0,0.1595096000146441
1,0,fixed_R2,-5.31900691986084,2,2,15822,0.8269914279740749,0,4,90,90,0,0,0,0.16024730003300647
1,0,fixed_R4,-6.588099956512451,4,4,19132,1.0,0,4,180,180,0,0,0,0.15837609996833635
1,0,fixed_R8,-7.274874210357666,8,8,25752,1.3460171440518502,0,4,360,360,0,0,0,0.160570100075347
1,0,full_RFF_MCC,-8.595548629760742,,,14508,0.758310683671336,0,4,500,500,0,0,0,0.07812140004079993
1,0,adaptive,-5.535181999206543,2.4875,3,18742.35775,0.9796340032406439,2093.4375,24.10775,168.778125,225,1,1,0,0.27037039996776
2,0,fixed_R1,-3.5204215049743652,1,1,14167,0.7404871419611123,0,4,45,45,0,0,0,0.17635590002555546
2,0,fixed_R2,-4.52214241027832,2,2,15822,0.8269914279740749,0,4,90,90,0,0,0,0.17540730000655458
2,0,fixed_R4,-6.529136657714844,4,4,19132,1.0,0,4,180,180,0,0,0,0.17225159995905415
2,0,fixed_R8,-7.291387557983398,8,8,25752,1.3460171440518502,0,4,360,360,0,0,0,0.17447570005697344
2,0,full_RFF_MCC,-8.985396385192871,,,14508,0.758310683671336,0,4,500,500,0,0,0,0.08524849999321304
2,0,adaptive,-4.774946689605713,2.4875,3,18742.35775,0.9796340032406439,2093.4375,24.10775,168.778125,225,1,1,0,0.30023070003517205
