exp,cond,mu,ctrl,run,ss_anr,min_anr,t_-5dB,t_-10dB,t_-15dB,t_-20dB
ablation,E1_chaotic,0.2,NKP-sequential,0,-10.271491050720215,-10.813436508178711,1176,12569,-1,-1
ablation,E1_chaotic,0.2,NKP-sequential,1,-11.2368745803833,-11.612500190734863,873,6555,-1,-1
ablation,E1_chaotic,0.2,NKP-sequential,2,-10.256662368774414,-10.730978965759277,1440,9487,-1,-1
ablation,E1_chaotic,0.2,NKP-sequential,3,-11.300250053405762,-11.658014297485352,851,5739,-1,-1
ablation,E1_chaotic,0.2,NKP-sequential,4,-10.255431175231934,-10.660861015319824,909,7920,-1,-1
ablation,E1_chaotic,0.2,NKP-sequential,5,-10.629932403564453,-11.069539070129395,955,8850,-1,-1
ablation,E1_chaotic,0.2,NKP-sequential,6,-10.23090934753418,-10.50239086151123,1040,9764,-1,-1
ablation,E1_chaotic,0.2,NKP-sequential,7,-9.228029251098633,-9.904163360595703,1199,-1,-1,-1
ablation,E1_chaotic,0.2,NKP-sequential,8,-10.690596580505371,-10.991682052612305,1043,7315,-1,-1
ablation,E1_chaotic,0.2,NKP-sequential,9,-9.644007682800293,-10.101968765258789,993,16366,-1,-1
ablation,E1_chaotic,0.2,NKP-sequential,10,-9.582481384277344,-9.956360816955566,1082,-1,-1,-1
ablation,E1_chaotic,0.2,NKP-sequential,11,-10.226637840270996,-10.669424057006836,1009,10445,-1,-1
ablation,E1_chaotic,0.2,NKP-sequential,12,-10.347675323486328,-10.685654640197754,834,7854,-1,-1
ablation,E1_chaotic,0.2,NKP-sequential,13,-9.79045295715332,-10.106613159179688,1050,17047,-1,-1
ablation,E1_chaotic,0.2,NKP-sequential,14,-9.70807933807373,-9.97821044921875,1136,-1,-1,-1
ablation,E1_chaotic,0.2,NKP-sequential,15,-10.098870277404785,-10.365357398986816,994,9610,-1,-1
ablation,E1_chaotic,0.2,NKP-sequential,16,-10.024240493774414,-10.469250679016113,1153,9865,-1,-1
ablation,E1_chaotic,0.2,NKP-sequential,17,-11.080362319946289,-11.443222999572754,893,5346,-1,-1
ablation,E1_chaotic,0.2,NKP-sequential,18,-10.43053150177002,-10.658649444580078,1167,12732,-1,-1
ablation,E1_chaotic,0.2,NKP-sequential,19,-10.662694931030273,-10.934385299682617,869,8340,-1,-1
ablation,E1_chaotic,0.2,NKP-simultaneous,0,-9.826142311096191,-10.139435768127441,1022,13406,-1,-1
ablation,E1_chaotic,0.2,NKP-simultaneous,1,-11.415037155151367,-11.880804061889648,990,5622,-1,-1
ablation,E1_chaotic,0.2,NKP-simultaneous,2,-10.164484024047852,-10.58996868133545,886,7336,-1,-1
ablation,E1_chaotic,0.2,NKP-simultaneous,3,-11.22366714477539,-11.712190628051758,990,6979,-1,-1
ablation,E1_chaotic,0.2,NKP-simultaneous,4,-10.386469841003418,-10.67653751373291,961,8277,-1,-1
ablation,E1_chaotic,0.2,NKP-simultaneous,5,-10.991044044494629,-11.3840913772583,875,6045,-1,-1
ablation,E1_chaotic,0.2,NKP-simultaneous,6,-9.782954216003418,-10.166899681091309,1113,15251,-1,-1
ablation,E1_chaotic,0.2,NKP-simultaneous,7,-9.000974655151367,-9.381613731384277,1119,-1,-1,-1
ablation,E1_chaotic,0.2,NKP-simultaneous,8,-10.228015899658203,-10.518502235412598,984,10752,-1,-1
ablation,E1_chaotic,0.2,NKP-simultaneous,9,-9.585289001464844,-9.94267749786377,1011,-1,-1,-1
ablation,E1_chaotic,0.2,NKP-simultaneous,10,-9.962700843811035,-10.401555061340332,1140,9587,-1,-1
ablation,E1_chaotic,0.2,NKP-simultaneous,11,-10.496204376220703,-10.993179321289062,953,10004,-1,-1
ablation,E1_chaotic,0.2,NKP-simultaneous,12,-10.574159622192383,-10.905648231506348,848,6880,-1,-1
ablation,E1_chaotic,0.2,NKP-simultaneous,13,-9.70606517791748,-9.999530792236328,1251,-1,-1,-1
ablation,E1_chaotic,0.2,NKP-simultaneous,14,-9.995827674865723,-10.318258285522461,1264,15350,-1,-1
ablation,E1_chaotic,0.2,NKP-simultaneous,15,-9.712480545043945,-10.026703834533691,1192,17607,-1,-1
ablation,E1_chaotic,0.2,NKP-simultaneous,16,-10.323053359985352,-10.6781005859375,969,6499,-1,-1
ablation,E1_chaotic,0.2,NKP-simultaneous,17,-10.736748695373535,-11.029197692871094,1048,9679,-1,-1
ablation,E1_chaotic,0.2,NKP-simultaneous,18,-10.174783706665039,-10.600605964660645,1197,14615,-1,-1
ablation,E1_chaotic,0.2,NKP-simultaneous,19,-10.680304527282715,-11.312796592712402,921,6070,-1,-1
