cond,mu,ctrl,main,n,ss_mean,ss_std,t_-5dB_crossed,t_-5dB_mean,t_-5dB_std,t_-10dB_crossed,t_-10dB_mean,t_-10dB_std
E1_chaotic,0.05,RFF-NLMS,0,20,-13.52,0.54,20,2474.0,223.0,20,6290.0,813.0
E1_chaotic,0.05,RFF-MCC,0,20,-13.4,0.57,20,2846.0,235.0,20,7020.0,976.0
E1_chaotic,0.05,RFF-MCC-180,0,20,-9.21,0.64,20,3401.0,539.0,5,16511.0,3304.0
E1_chaotic,0.05,NKP-RFF-MCC,0,20,-9.56,0.53,20,2658.0,401.0,11,16188.0,3095.0
E1_chaotic,0.1,RFF-NLMS,0,20,-14.17,0.42,20,1431.0,118.0,20,3828.0,327.0
E1_chaotic,0.1,RFF-MCC,0,20,-14.12,0.42,20,1658.0,129.0,20,4177.0,339.0
E1_chaotic,0.1,RFF-MCC-180,0,20,-9.47,0.8,20,2010.0,363.0,8,11692.0,5459.0
E1_chaotic,0.1,NKP-RFF-MCC,0,20,-9.94,0.43,20,1688.0,267.0,16,14736.0,3022.0
E1_chaotic,0.2,RFF-NLMS,1,20,-14.67,0.34,20,807.0,50.0,20,2403.0,231.0
E1_chaotic,0.2,RFF-MCC,1,20,-14.65,0.34,20,956.0,62.0,20,2611.0,251.0
E1_chaotic,0.2,RFF-MCC-180,1,20,-9.69,0.61,20,1169.0,221.0,11,9758.0,5138.0
E1_chaotic,0.2,NKP-RFF-MCC,1,20,-10.19,0.45,20,1063.0,166.0,16,10636.0,3435.0
E1_chaotic,0.4,RFF-NLMS,0,20,-14.35,0.37,20,473.0,29.0,20,1651.0,191.0
E1_chaotic,0.4,RFF-MCC,0,20,-14.37,0.37,20,568.0,37.0,20,1798.0,186.0
E1_chaotic,0.4,RFF-MCC-180,0,20,-8.94,0.72,20,787.0,156.0,5,9188.0,5653.0
E1_chaotic,0.4,NKP-RFF-MCC,0,20,-9.8,0.38,20,799.0,211.0,14,12397.0,3744.0
E1_chaotic,0.8,RFF-NLMS,0,20,-13.23,0.47,20,269.0,24.0,20,1332.0,276.0
E1_chaotic,0.8,RFF-MCC,0,20,-13.31,0.46,20,324.0,29.0,20,1411.0,247.0
E1_chaotic,0.8,RFF-MCC-180,0,20,-7.73,0.52,20,506.0,121.0,0,,
E1_chaotic,0.8,NKP-RFF-MCC,0,20,-9.01,0.49,20,798.0,180.0,2,17658.0,3057.0
E2_sas_ref,0.05,RFF-NLMS,0,20,-2.42,0.25,0,,,0,,
E2_sas_ref,0.05,RFF-MCC,0,20,-2.29,0.22,0,,,0,,
E2_sas_ref,0.05,RFF-MCC-180,0,20,-1.31,0.21,0,,,0,,
E2_sas_ref,0.05,NKP-RFF-MCC,0,20,-1.61,0.18,0,,,0,,
E2_sas_ref,0.1,RFF-NLMS,1,20,-2.39,0.23,0,,,0,,
E2_sas_ref,0.1,RFF-MCC,1,20,-2.64,0.23,0,,,0,,
E2_sas_ref,0.1,RFF-MCC-180,1,20,-1.47,0.21,0,,,0,,
E2_sas_ref,0.1,NKP-RFF-MCC,1,20,-1.66,0.19,0,,,0,,
E2_sas_ref,0.2,RFF-NLMS,0,20,-1.94,0.19,0,,,0,,
E2_sas_ref,0.2,RFF-MCC,0,20,-2.57,0.19,0,,,0,,
E2_sas_ref,0.2,RFF-MCC-180,0,20,-1.3,0.21,0,,,0,,
E2_sas_ref,0.2,NKP-RFF-MCC,0,20,-1.59,0.18,0,,,0,,
E2_sas_ref,0.4,RFF-NLMS,0,20,-1.35,0.21,0,,,0,,
E2_sas_ref,0.4,RFF-MCC,0,20,-2.53,0.22,0,,,0,,
E2_sas_ref,0.4,RFF-MCC-180,0,20,-1.14,0.29,0,,,0,,
E2_sas_ref,0.4,NKP-RFF-MCC,0,20,-1.59,0.21,0,,,0,,
E2_sas_ref,0.8,RFF-NLMS,0,20,0.54,0.25,0,,,0,,
E2_sas_ref,0.8,RFF-MCC,0,20,-1.93,0.2,0,,,0,,
E2_sas_ref,0.8,RFF-MCC-180,0,20,-0.64,0.24,0,,,0,,
E2_sas_ref,0.8,NKP-RFF-MCC,0,20,-1.09,0.19,0,,,0,,
E3_gauss,0.05,RFF-NLMS,0,20,-10.89,0.37,20,3085.0,274.0,20,10715.0,1522.0
E3_gauss,0.05,RFF-MCC,0,20,-10.87,0.37,20,3696.0,278.0,20,11947.0,1930.0
E3_gauss,0.05,RFF-MCC-180,0,20,-7.78,0.63,20,4748.0,1100.0,0,,
E3_gauss,0.05,NKP-RFF-MCC,0,20,-8.09,0.42,20,3794.0,772.0,0,,
E3_gauss,0.1,RFF-NLMS,0,20,-11.23,0.29,20,1778.0,135.0,20,6123.0,1231.0
E3_gauss,0.1,RFF-MCC,0,20,-11.26,0.27,20,2195.0,150.0,20,6824.0,1095.0
E3_gauss,0.1,RFF-MCC-180,0,20,-7.96,0.43,20,2778.0,439.0,0,,
E3_gauss,0.1,NKP-RFF-MCC,0,20,-8.36,0.41,20,2360.0,522.0,0,,
E3_gauss,0.2,RFF-NLMS,1,20,-11.26,0.29,20,985.0,79.0,20,4645.0,1034.0
E3_gauss,0.2,RFF-MCC,1,20,-11.36,0.29,20,1242.0,94.0,20,4779.0,791.0
E3_gauss,0.2,RFF-MCC-180,1,20,-7.62,0.64,20,1814.0,468.0,0,,
E3_gauss,0.2,NKP-RFF-MCC,1,20,-8.31,0.35,20,1596.0,249.0,0,,
E3_gauss,0.4,RFF-NLMS,0,20,-10.57,0.41,20,593.0,93.0,20,4991.0,1512.0
E3_gauss,0.4,RFF-MCC,0,20,-10.77,0.4,20,754.0,102.0,20,4724.0,1308.0
E3_gauss,0.4,RFF-MCC-180,0,20,-7.01,0.72,20,1230.0,393.0,0,,
E3_gauss,0.4,NKP-RFF-MCC,0,20,-7.68,0.4,20,1316.0,364.0,0,,
E3_gauss,0.8,RFF-NLMS,0,20,-9.1,0.45,20,377.0,69.0,9,18508.0,7598.0
E3_gauss,0.8,RFF-MCC,0,20,-9.58,0.45,20,470.0,97.0,16,11625.0,5337.0
E3_gauss,0.8,RFF-MCC-180,0,20,-5.77,0.67,20,1854.0,1944.0,0,,
E3_gauss,0.8,NKP-RFF-MCC,0,20,-6.8,0.53,20,2084.0,844.0,0,,
E4_sas_noise,0.05,RFF-NLMS,0,20,-10.12,0.57,20,3167.0,216.0,20,15462.0,4154.0
E4_sas_noise,0.05,RFF-MCC,0,20,-10.23,0.34,20,3881.0,266.0,20,16440.0,3683.0
E4_sas_noise,0.05,RFF-MCC-180,0,20,-7.55,0.46,20,4755.0,768.0,0,,
E4_sas_noise,0.05,NKP-RFF-MCC,0,20,-7.66,0.36,20,3942.0,546.0,0,,
E4_sas_noise,0.1,RFF-NLMS,1,20,-10.32,0.32,20,1973.0,455.0,20,9896.0,3540.0
E4_sas_noise,0.1,RFF-MCC,1,20,-10.47,0.26,20,2318.0,216.0,20,9647.0,2121.0
E4_sas_noise,0.1,RFF-MCC-180,1,20,-7.54,0.57,20,3084.0,479.0,0,,
E4_sas_noise,0.1,NKP-RFF-MCC,1,20,-7.86,0.38,20,2731.0,562.0,0,,
E4_sas_noise,0.2,RFF-NLMS,0,20,-9.95,0.95,20,1126.0,99.0,20,9417.0,4523.0
E4_sas_noise,0.2,RFF-MCC,0,20,-10.36,0.38,20,1387.0,108.0,20,8324.0,2929.0
E4_sas_noise,0.2,RFF-MCC-180,0,20,-7.1,0.54,20,2035.0,367.0,0,,
E4_sas_noise,0.2,NKP-RFF-MCC,0,20,-7.65,0.4,20,2023.0,486.0,0,,
E4_sas_noise,0.4,RFF-NLMS,0,20,-9.85,0.38,20,583.0,55.0,20,10960.0,5361.0
E4_sas_noise,0.4,RFF-MCC,0,20,-10.28,0.35,20,756.0,76.0,20,7843.0,3903.0
E4_sas_noise,0.4,RFF-MCC-180,0,20,-6.99,0.63,20,1258.0,411.0,0,,
E4_sas_noise,0.4,NKP-RFF-MCC,0,20,-7.6,0.38,20,1454.0,388.0,0,,
E4_sas_noise,0.8,RFF-NLMS,0,20,-7.72,1.39,20,475.0,109.0,0,,
E4_sas_noise,0.8,RFF-MCC,0,20,-8.77,0.36,20,546.0,73.0,2,28002.0,795.0
E4_sas_noise,0.8,RFF-MCC-180,0,20,-5.29,0.48,19,2515.0,1649.0,0,,
E4_sas_noise,0.8,NKP-RFF-MCC,0,20,-6.24,0.35,20,2488.0,768.0,0,,
