folder,case,segment,n,dynamic_anr,fixed4_anr,delta_db,delta_ucb,delta_boot_ucb,cost_ratio,cost_ucb,cost_boot_ucb,passed
selection_e1_v500,E1,1,8,-34.90389347588449,-34.89596457433701,-0.007928901547483491,0.007277423764038145,0.0039536194919245204,0.8990614799977765,0.9021687653599071,0.9010088804512675,False
selection_e1_v500,E1,2,8,-33.77928273210524,-34.05644720835686,0.2771644762516252,0.5662631141720506,0.5029840239112549,0.8990614799977765,0.9021687653599071,0.9010088804512675,False
selection_e1_v500,E1,3,8,-34.95533019153368,-34.91719792890549,-0.038132262628195246,0.006515338462657193,-0.003516070544640119,0.8990614799977765,0.9021687653599071,0.9010088804512675,False
selection_e1_growth,E1,1,8,-34.903893475884374,-34.89596457433701,-0.007928901547365808,0.007277423764415895,0.003953619492091498,0.8974429413946219,0.9009909356230809,0.900628698158823,False
selection_e1_growth,E1,2,8,-31.443824494658514,-34.05644720835686,2.612622713698342,6.667175271351304,6.035423666387679,0.8974429413946219,0.9009909356230809,0.900628698158823,False
selection_e1_growth,E1,3,8,-34.95533019153367,-34.91719792890549,-0.0381322626281837,0.0065153384618891474,-0.0035160705449972336,0.8974429413946219,0.9009909356230809,0.900628698158823,False
selection_e1_t1000_v500,E1,1,8,-34.90389347588737,-34.89596457433701,-0.007928901550371403,0.0072774237605945855,0.003953619488632043,0.8603969320286133,0.8686683498981512,0.8660646272989823,True
selection_e1_t1000_v500,E1,2,8,-26.7320054853029,-34.05644720835686,7.324441723053961,14.991577068178836,13.535017000899115,0.8603969320286133,0.8686683498981512,0.8660646272989823,False
selection_e1_t1000_v500,E1,3,8,-34.95533019153411,-34.91719792890549,-0.038132262628617575,0.006515338461679107,-0.003516070544098408,0.8603969320286133,0.8686683498981512,0.8660646272989823,True
main_dev_round1,E2,1,5,-8.344480001675972,-8.850992655200958,0.5065126535249871,1.0310019276702695,0.8172024388261907,0.9969528053261552,1.0525104708905766,1.036973524958185,False
main_dev_round1,E2,2,5,-7.808440892541498,-8.30924130592346,0.500800413381965,1.1250394508291532,0.8081531425521529,0.9969528053261552,1.0525104708905766,1.036973524958185,False
main_dev_round1,E2,3,5,-6.870251845412016,-7.305284644927978,0.43503279951596363,1.073324612429607,0.7025752982230836,0.9969528053261552,1.0525104708905766,1.036973524958185,False
main_dev_round1,E2,4,5,-8.468011461046709,-9.090894482192994,0.6228830211462848,1.416552951299873,1.0254699501372073,0.9969528053261552,1.0525104708905766,1.036973524958185,False
main_dev_round1,E3,1,5,-7.381906164044056,-8.69791730287552,1.3160111388314628,2.175340721462585,1.9343398422224312,0.9435017586765628,0.9986374777663807,0.9724696709439682,False
main_dev_round1,E3,2,5,-7.281840215110836,-8.451187851428985,1.1693476363181488,1.7420525737228845,1.5145764644514683,0.9435017586765628,0.9986374777663807,0.9724696709439682,False
main_dev_round1,E3,3,5,-6.508556838244215,-7.5487017186927785,1.0401448804485651,1.4878538928891167,1.3638269553559097,0.9435017586765628,0.9986374777663807,0.9724696709439682,False
main_dev_round1,E3,4,5,-7.815585898737953,-8.99936549402237,1.1837795952844172,1.7279553665016019,1.5544352779490018,0.9435017586765628,0.9986374777663807,0.9724696709439682,False
main_dev_aggressive_growth,E2,1,5,-10.362431860933748,-8.892023698844909,-1.470408162088838,-1.2782950162401536,-1.3736530901600248,1.4155491432205332,1.4199090398215644,1.4182478534093963,False
main_dev_aggressive_growth,E2,2,5,-10.078698874981868,-8.334055573062898,-1.744643301918972,-1.505483371952584,-1.6013090647995405,1.4155491432205332,1.4199090398215644,1.4182478534093963,False
main_dev_aggressive_growth,E2,3,5,-8.922093216723017,-7.2158730653762815,-1.7062201513467343,-1.5078275547379993,-1.5816351714168095,1.4155491432205332,1.4199090398215644,1.4182478534093963,False
main_dev_aggressive_growth,E2,4,5,-11.252571882606862,-9.164216926078797,-2.088354956528066,-1.7342074058710648,-1.8508885693449382,1.4155491432205332,1.4199090398215644,1.4182478534093963,False
main_dev_aggressive_growth,E3,1,5,-9.69774208842146,-8.819580077133178,-0.8781620112882823,-0.515621782650141,-0.6575423202980449,1.4248704773105145,1.4339828097898615,1.42923857060721,False
main_dev_aggressive_growth,E3,2,5,-9.655447743902624,-8.26911084854126,-1.3863368953613653,-1.1010956754013557,-1.229522705981715,1.4248704773105145,1.4339828097898615,1.42923857060721,False
main_dev_aggressive_growth,E3,3,5,-8.654013501109775,-7.425358576335907,-1.2286549247738676,-0.942442368692693,-1.061924351299171,1.4248704773105145,1.4339828097898615,1.42923857060721,False
main_dev_aggressive_growth,E3,4,5,-10.528542462177025,-8.868638208198547,-1.6599042539784787,-1.5340149312858322,-1.5885382092852205,1.4248704773105145,1.4339828097898615,1.42923857060721,False
main_dev_continue,E2,1,5,-10.47272549018424,-8.850992655200958,-1.6217328349832818,-1.3254872723034554,-1.4196358166163712,1.4317000905812252,1.448176225134573,1.443274776996655,False
main_dev_continue,E2,2,5,-10.07848226884207,-8.30924130592346,-1.7692409629186066,-1.2938719579018323,-1.4850667572305756,1.4317000905812252,1.448176225134573,1.443274776996655,False
main_dev_continue,E2,3,5,-8.945174394320953,-7.305284644927978,-1.6398897493929732,-1.269437712172583,-1.4073273610457604,1.4317000905812252,1.448176225134573,1.443274776996655,False
main_dev_continue,E2,4,5,-11.149586051888715,-9.090894482192994,-2.0586915696957235,-1.6389374624239839,-1.8092062696804727,1.4317000905812252,1.448176225134573,1.443274776996655,False
main_dev_continue,E3,1,5,-9.890791296699046,-8.69791730287552,-1.1928739938235264,-0.8733216614350592,-0.9979099246130314,1.423525805064813,1.4364517589348649,1.4320994971513694,False
main_dev_continue,E3,2,5,-9.929856390458223,-8.451187851428985,-1.4786685390292398,-1.3145081606537918,-1.376244033826227,1.423525805064813,1.4364517589348649,1.4320994971513694,False
main_dev_continue,E3,3,5,-8.87470227815032,-7.5487017186927785,-1.3260005594575406,-1.0425605281074941,-1.1801373273015097,1.423525805064813,1.4364517589348649,1.4320994971513694,False
main_dev_continue,E3,4,5,-10.614868240607874,-8.99936549402237,-1.6155027465855043,-1.557475473150292,-1.5788288174087715,1.423525805064813,1.4364517589348649,1.4320994971513694,False
main_dev_mid_penalty,E2,1,5,-9.24774576567397,-8.850992655200958,-0.3967531104730117,0.07312767663029213,-0.11254720098732526,1.2138168835197576,1.2756748165192895,1.2522771854745975,False
main_dev_mid_penalty,E2,2,5,-8.937133471548119,-8.30924130592346,-0.627892165624656,-0.05772500142084769,-0.2527495346275327,1.2138168835197576,1.2756748165192895,1.2522771854745975,False
main_dev_mid_penalty,E2,3,5,-8.11044611003312,-7.305284644927978,-0.80516146510514,-0.25653874751987304,-0.4723924419816761,1.2138168835197576,1.2756748165192895,1.2522771854745975,False
main_dev_mid_penalty,E2,4,5,-10.072075424765293,-9.090894482192994,-0.9811809425723006,-0.36938278207972464,-0.6123532921070399,1.2138168835197576,1.2756748165192895,1.2522771854745975,False
main_dev_mid_penalty,E3,1,5,-8.974723700297583,-8.69791730287552,-0.27680639742206276,0.0983088397133502,-0.018608902153210493,1.1585682110077358,1.2277489178365986,1.1995585109502405,False
main_dev_mid_penalty,E3,2,5,-8.889522313682155,-8.451187851428985,-0.4383344622531705,-0.0028045395822077768,-0.1663903623696818,1.1585682110077358,1.2277489178365986,1.1995585109502405,False
main_dev_mid_penalty,E3,3,5,-7.850469824700821,-7.5487017186927785,-0.3017681060080399,0.04494789974321739,-0.070922443961806,1.1585682110077358,1.2277489178365986,1.1995585109502405,False
main_dev_mid_penalty,E3,4,5,-9.398408440813856,-8.99936549402237,-0.3990429467914861,0.028623422020082334,-0.13082943319258114,1.1585682110077358,1.2277489178365986,1.1995585109502405,False
