case,run,D,D1,D2,R,mu,segment,tail_ANR_dB,delta_vs_R4_dB,R4_tail_ANR_dB,complete_mults_per_sample,cost_ratio_vs_R4,active_factor_coeffs
E2,0,180,15,12,2,0.2,1,-3.4703614683444344,4.833438160866992,-8.303799629211426,5778,0.3020071085093038,54
E2,0,180,15,12,2,0.2,2,-3.283208309331243,4.727449001154596,-8.01065731048584,5778,0.3020071085093038,54
E2,0,180,15,12,2,0.2,3,-2.8917901203320135,3.7150285556628595,-6.606818675994873,5778,0.3020071085093038,54
E2,0,180,15,12,2,0.2,4,-3.594534230252963,4.803316760042447,-8.39785099029541,5778,0.3020071085093038,54
E2,0,180,15,12,3,0.2,1,-5.011694069136285,3.292105560075141,-8.303799629211426,6411,0.33509303784235833,81
E2,0,180,15,12,3,0.2,2,-4.828189237068636,3.182468073417204,-8.01065731048584,6411,0.33509303784235833,81
E2,0,180,15,12,3,0.2,3,-4.074260257196422,2.532558418798451,-6.606818675994873,6411,0.33509303784235833,81
E2,0,180,15,12,3,0.2,4,-5.126803810490849,3.271047179804561,-8.39785099029541,6411,0.33509303784235833,81
E2,0,256,16,16,2,0.2,1,-4.765366219344302,3.5384334098671237,-8.303799629211426,8172,0.4271377796362116,64
E2,0,256,16,16,2,0.2,2,-4.489277294327482,3.521380016158358,-8.01065731048584,8172,0.4271377796362116,64
E2,0,256,16,16,2,0.2,3,-3.997945398621844,2.608873277373029,-6.606818675994873,8172,0.4271377796362116,64
E2,0,256,16,16,2,0.2,4,-4.904969292325666,3.492881697969744,-8.39785099029541,8172,0.4271377796362116,64
E2,0,256,16,16,3,0.2,1,-6.008063195152663,2.295736434058763,-8.303799629211426,9052,0.47313401630775664,96
E2,0,256,16,16,3,0.2,2,-6.0817812014632615,1.9288761090225783,-8.01065731048584,9052,0.47313401630775664,96
E2,0,256,16,16,3,0.2,3,-5.033157796793659,1.5736608792012143,-6.606818675994873,9052,0.47313401630775664,96
E2,0,256,16,16,3,0.2,4,-6.193605767663726,2.204245222631684,-8.39785099029541,9052,0.47313401630775664,96
E2,0,320,20,16,2,0.2,1,-4.97407805232299,3.329721576888436,-8.303799629211426,10180,0.5320928287685553,72
E2,0,320,20,16,2,0.2,2,-5.372886944017896,2.6377703664679437,-8.01065731048584,10180,0.5320928287685553,72
E2,0,320,20,16,2,0.2,3,-4.543161385960749,2.063657290034124,-6.606818675994873,10180,0.5320928287685553,72
E2,0,320,20,16,2,0.2,4,-5.754499002346401,2.643351987949009,-8.39785099029541,10180,0.5320928287685553,72
E2,0,320,20,16,3,0.2,1,-6.463916333766208,1.839883295445218,-8.303799629211426,11264,0.5887518293957767,108
E2,0,320,20,16,3,0.2,2,-6.427850112785175,1.5828071977006646,-8.01065731048584,11264,0.5887518293957767,108
E2,0,320,20,16,3,0.2,3,-5.442891266944281,1.1639274090505918,-6.606818675994873,11264,0.5887518293957767,108
E2,0,320,20,16,3,0.2,4,-6.646182763240644,1.7516682270547665,-8.39785099029541,11264,0.5887518293957767,108
E2,0,400,20,20,2,0.2,1,-4.973669334599494,3.3301302946119318,-8.303799629211426,12692,0.6633911770855112,80
E2,0,400,20,20,2,0.2,2,-5.028308274820151,2.982349035665689,-8.01065731048584,12692,0.6633911770855112,80
E2,0,400,20,20,2,0.2,3,-4.212814598148583,2.39400407784629,-6.606818675994873,12692,0.6633911770855112,80
E2,0,400,20,20,2,0.2,4,-5.391511084718398,3.006339905577012,-8.39785099029541,12692,0.6633911770855112,80
E2,0,400,20,20,3,0.2,1,-6.333164171270923,1.970635457940503,-8.303799629211426,14032,0.7334309011080912,120
E2,0,400,20,20,3,0.2,2,-6.330517708265233,1.6801396022206072,-8.01065731048584,14032,0.7334309011080912,120
E2,0,400,20,20,3,0.2,3,-5.255558747429684,1.351259928565189,-6.606818675994873,14032,0.7334309011080912,120
E2,0,400,20,20,3,0.2,4,-6.697353363772768,1.7004976265226421,-8.39785099029541,14032,0.7334309011080912,120
E2,0,500,25,20,2,0.2,1,-5.579757299066963,2.7240423301444627,-8.303799629211426,15822,0.8269914279740749,90
E2,0,500,25,20,2,0.2,2,-5.557748045953942,2.4529092645318977,-8.01065731048584,15822,0.8269914279740749,90
E2,0,500,25,20,2,0.2,3,-4.698644491862314,1.9081741841325588,-6.606818675994873,15822,0.8269914279740749,90
E2,0,500,25,20,2,0.2,4,-5.691650594953283,2.706200395342127,-8.39785099029541,15822,0.8269914279740749,90
E2,0,500,25,20,3,0.2,1,-7.169598731700233,1.1342008975111924,-8.303799629211426,17477,0.9134957139870374,135
E2,0,500,25,20,3,0.2,2,-6.9259635473298795,1.0846937631559603,-8.01065731048584,17477,0.9134957139870374,135
E2,0,500,25,20,3,0.2,3,-5.740382387863918,0.8664362881309549,-6.606818675994873,17477,0.9134957139870374,135
E2,0,500,25,20,3,0.2,4,-7.1948067211163504,1.2030442691790597,-8.39785099029541,17477,0.9134957139870374,135
E3,0,180,15,12,2,0.1,1,-5.493809480840375,3.5295193002875545,-9.02332878112793,5778,0.3020071085093038,54
E3,0,180,15,12,2,0.1,2,-5.206114499272023,3.509701044856395,-8.715815544128418,5778,0.3020071085093038,54
E3,0,180,15,12,2,0.1,3,-4.66134841722682,3.308864996011706,-7.970213413238525,5778,0.3020071085093038,54
E3,0,180,15,12,2,0.1,4,-5.54264332682688,4.103728514603784,-9.646371841430664,5778,0.3020071085093038,54
E3,0,180,15,12,3,0.1,1,-6.725765286648006,2.297563494479924,-9.02332878112793,6411,0.33509303784235833,81
E3,0,180,15,12,3,0.1,2,-6.405744025356495,2.310071518771923,-8.715815544128418,6411,0.33509303784235833,81
E3,0,180,15,12,3,0.1,3,-5.488285128854587,2.4819282843839385,-7.970213413238525,6411,0.33509303784235833,81
E3,0,180,15,12,3,0.1,4,-6.960667557393999,2.6857042840366647,-9.646371841430664,6411,0.33509303784235833,81
E3,0,256,16,16,2,0.1,1,-5.667128554772353,3.3562002263555764,-9.02332878112793,8172,0.4271377796362116,64
E3,0,256,16,16,2,0.1,2,-5.320687016052511,3.395128528075907,-8.715815544128418,8172,0.4271377796362116,64
E3,0,256,16,16,2,0.1,3,-4.8558821994529735,3.114331213785552,-7.970213413238525,8172,0.4271377796362116,64
E3,0,256,16,16,2,0.1,4,-5.873379797347229,3.772992044083435,-9.646371841430664,8172,0.4271377796362116,64
E3,0,256,16,16,3,0.1,1,-7.028429745097963,1.9948990360299668,-9.02332878112793,9052,0.47313401630775664,96
E3,0,256,16,16,3,0.1,2,-6.595306736004343,2.1205088081240753,-8.715815544128418,9052,0.47313401630775664,96
E3,0,256,16,16,3,0.1,3,-5.860799720299656,2.10941369293887,-7.970213413238525,9052,0.47313401630775664,96
E3,0,256,16,16,3,0.1,4,-7.4221321944305005,2.2242396470001635,-9.646371841430664,9052,0.47313401630775664,96
E3,0,320,20,16,2,0.1,1,-6.620094514146404,2.403234266981526,-9.02332878112793,10180,0.5320928287685553,72
E3,0,320,20,16,2,0.1,2,-6.3933650529500765,2.3224504911783415,-8.715815544128418,10180,0.5320928287685553,72
E3,0,320,20,16,2,0.1,3,-5.709453080524473,2.260760332714052,-7.970213413238525,10180,0.5320928287685553,72
E3,0,320,20,16,2,0.1,4,-6.792846487942402,2.853525353488262,-9.646371841430664,10180,0.5320928287685553,72
E3,0,320,20,16,3,0.1,1,-7.943106465015964,1.080222316111966,-9.02332878112793,11264,0.5887518293957767,108
E3,0,320,20,16,3,0.1,2,-7.552070954965465,1.1637445891629525,-8.715815544128418,11264,0.5887518293957767,108
E3,0,320,20,16,3,0.1,3,-6.507752260871029,1.4624611523674966,-7.970213413238525,11264,0.5887518293957767,108
E3,0,320,20,16,3,0.1,4,-8.190352501321959,1.4560193401087052,-9.646371841430664,11264,0.5887518293957767,108
E3,0,400,20,20,2,0.1,1,-6.344410953958349,2.678917827169581,-9.02332878112793,12692,0.6633911770855112,80
E3,0,400,20,20,2,0.1,2,-5.977276151303288,2.73853939282513,-8.715815544128418,12692,0.6633911770855112,80
E3,0,400,20,20,2,0.1,3,-5.516282312778064,2.453931100460461,-7.970213413238525,12692,0.6633911770855112,80
E3,0,400,20,20,2,0.1,4,-6.681233729147201,2.965138112283463,-9.646371841430664,12692,0.6633911770855112,80
E3,0,400,20,20,3,0.1,1,-7.766688679229319,1.2566401018986104,-9.02332878112793,14032,0.7334309011080912,120
E3,0,400,20,20,3,0.1,2,-7.38093021598662,1.334885328141798,-8.715815544128418,14032,0.7334309011080912,120
E3,0,400,20,20,3,0.1,3,-6.770851249354309,1.1993621638842162,-7.970213413238525,14032,0.7334309011080912,120
E3,0,400,20,20,3,0.1,4,-8.0817817376686,1.5645901037620646,-9.646371841430664,14032,0.7334309011080912,120
E3,0,500,25,20,2,0.1,1,-6.7490279105396995,2.27430087058823,-9.02332878112793,15822,0.8269914279740749,90
E3,0,500,25,20,2,0.1,2,-6.601903049358008,2.1139124947704095,-8.715815544128418,15822,0.8269914279740749,90
E3,0,500,25,20,2,0.1,3,-5.954203474513734,2.0160099387247916,-7.970213413238525,15822,0.8269914279740749,90
E3,0,500,25,20,2,0.1,4,-6.962094337546762,2.6842775038839024,-9.646371841430664,15822,0.8269914279740749,90
E3,0,500,25,20,3,0.1,1,-8.157540731139111,0.8657880499888186,-9.02332878112793,17477,0.9134957139870374,135
E3,0,500,25,20,3,0.1,2,-7.768569854426902,0.947245689701516,-8.715815544128418,17477,0.9134957139870374,135
E3,0,500,25,20,3,0.1,3,-6.894625713575624,1.0755876996629015,-7.970213413238525,17477,0.9134957139870374,135
E3,0,500,25,20,3,0.1,4,-8.406754315491472,1.2396175259391917,-9.646371841430664,17477,0.9134957139870374,135
