run,segment,teacher_R,arm,ANR_db,delta_vs_original_R4_db,prune_spectral_tail_relative_error,mean_body_mults_per_sample
0,1,1,original_R4,-33.37258941023385,0.0,,19132
0,1,1,prune_200k,-28.667431595806928,4.705157814426922,0.024336172212813405,17146.0
0,1,1,prune_220k,-28.667431595806928,4.705157814426922,0.044134526711482304,17366.666666666668
0,1,1,prune_250k,-28.667431595806928,4.705157814426922,0.045995643240618805,17697.666666666668
0,2,4,original_R4,-33.033203865372876,0.0,,19132
0,2,4,prune_200k,-33.03094582879631,0.002258036576563427,0.024336172212813405,17146.0
0,2,4,prune_220k,-33.03094582879631,0.002258036576563427,0.044134526711482304,17366.666666666668
0,2,4,prune_250k,-33.03094582879631,0.002258036576563427,0.045995643240618805,17697.666666666668
0,3,1,original_R4,-33.30694514827657,0.0,,19132
0,3,1,prune_200k,-7.266150528582562,26.040794619694005,0.024336172212813405,17146.0
0,3,1,prune_220k,-26.61025152766327,6.696693620613299,0.044134526711482304,17366.666666666668
0,3,1,prune_250k,-28.081077702089132,5.225867446187436,0.045995643240618805,17697.666666666668
1,1,1,original_R4,-32.35336145730806,0.0,,19132
1,1,1,prune_200k,-27.20515243460203,5.14820902270603,0.026862730863318498,17146.0
1,1,1,prune_220k,-27.20515243460203,5.14820902270603,0.044516191513870255,17366.666666666668
1,1,1,prune_250k,-27.20515243460203,5.14820902270603,0.0440054049260666,17697.666666666668
1,2,4,original_R4,-34.62021028810057,0.0,,19132
1,2,4,prune_200k,-34.626178620812055,-0.00596833271148256,0.026862730863318498,17146.0
1,2,4,prune_220k,-34.626178620812055,-0.00596833271148256,0.044516191513870255,17366.666666666668
1,2,4,prune_250k,-34.626178620812055,-0.00596833271148256,0.0440054049260666,17697.666666666668
1,3,1,original_R4,-32.210089147911006,0.0,,19132
1,3,1,prune_200k,-5.956398605793828,26.253690542117177,0.026862730863318498,17146.0
1,3,1,prune_220k,-26.181442792653613,6.0286463552573935,0.044516191513870255,17366.666666666668
1,3,1,prune_250k,-27.68392750196973,4.526161645941276,0.0440054049260666,17697.666666666668
2,1,1,original_R4,-32.1608434137096,0.0,,19132
2,1,1,prune_200k,-27.945249958698714,4.215593455010886,0.033547696841989466,17146.0
2,1,1,prune_220k,-27.945249958698714,4.215593455010886,0.03829804828288571,17366.666666666668
2,1,1,prune_250k,-27.945249958698714,4.215593455010886,0.03560283628214834,17697.666666666668
2,2,4,original_R4,-31.535648301559995,0.0,,19132
2,2,4,prune_200k,-31.534899104411096,0.0007491971488988725,0.033547696841989466,17146.0
2,2,4,prune_220k,-31.534899104411096,0.0007491971488988725,0.03829804828288571,17366.666666666668
2,2,4,prune_250k,-31.534899104411096,0.0007491971488988725,0.03560283628214834,17697.666666666668
2,3,1,original_R4,-31.943481946582335,0.0,,19132
2,3,1,prune_200k,-5.691188206251797,26.252293740330536,0.033547696841989466,17146.0
2,3,1,prune_220k,-26.129187245266575,5.8142947013157595,0.03829804828288571,17366.666666666668
2,3,1,prune_250k,-27.868393413110358,4.075088533471977,0.03560283628214834,17697.666666666668
3,1,1,original_R4,-31.146925881097552,0.0,,19132
3,1,1,prune_200k,-29.11092313912682,2.03600274197073,0.0465796033006325,17146.0
3,1,1,prune_220k,-29.11092313912682,2.03600274197073,0.02416811660649312,17366.666666666668
3,1,1,prune_250k,-29.11092313912682,2.03600274197073,0.022707756580054337,17697.666666666668
3,2,4,original_R4,-32.284889284291545,0.0,,19132
3,2,4,prune_200k,-32.2855887189964,-0.0006994347048561167,0.0465796033006325,17146.0
3,2,4,prune_220k,-32.2855887189964,-0.0006994347048561167,0.02416811660649312,17366.666666666668
3,2,4,prune_250k,-32.2855887189964,-0.0006994347048561167,0.022707756580054337,17697.666666666668
3,3,1,original_R4,-31.247478781391326,0.0,,19132
3,3,1,prune_200k,-4.924036119328185,26.32344266206314,0.0465796033006325,17146.0
3,3,1,prune_220k,-26.166885546000273,5.080593235391053,0.02416811660649312,17366.666666666668
3,3,1,prune_250k,-28.885550684313877,2.361928097077449,0.022707756580054337,17697.666666666668
4,1,1,original_R4,-35.165613471739384,0.0,,19132
4,1,1,prune_200k,-27.817397029726756,7.348216442012628,0.032540598640182834,17146.0
4,1,1,prune_220k,-27.817397029726756,7.348216442012628,0.07031831620112747,17366.666666666668
4,1,1,prune_250k,-27.817397029726756,7.348216442012628,0.06883788287499669,17697.666666666668
4,2,4,original_R4,-32.94729982221386,0.0,,19132
4,2,4,prune_200k,-32.95294279070309,-0.005642968489233624,0.032540598640182834,17146.0
4,2,4,prune_220k,-32.95294279070309,-0.005642968489233624,0.07031831620112747,17366.666666666668
4,2,4,prune_250k,-32.95294279070309,-0.005642968489233624,0.06883788287499669,17697.666666666668
4,3,1,original_R4,-35.14538665246512,0.0,,19132
4,3,1,prune_200k,-9.758178218610862,25.38720843385426,0.032540598640182834,17146.0
4,3,1,prune_220k,-26.933102862452664,8.212283790012457,0.07031831620112747,17366.666666666668
4,3,1,prune_250k,-27.73712428533191,7.4082623671332115,0.06883788287499669,17697.666666666668
