run,segment,teacher_R,original_R4_ANR_db,boundary_realign_ANR_db,delta_vs_original_R4_db
0,1,1,-33.37258941023385,-28.667431595806928,4.705157814426918
0,2,4,-33.033203865372876,-33.03094582879631,0.002258036576566519
0,3,1,-33.30694514827657,-7.266150528582562,26.040794619694005
1,1,1,-32.35336145730806,-27.20515243460203,5.148209022706031
1,2,4,-34.62021028810057,-34.626178620812055,-0.005968332711484982
1,3,1,-32.210089147911006,-5.956398605793828,26.25369054211718
2,1,1,-32.1608434137096,-27.945249958698714,4.215593455010885
2,2,4,-31.535648301559995,-31.534899104411096,0.0007491971488983836
2,3,1,-31.943481946582335,-5.691188206251797,26.252293740330536
3,1,1,-31.146925881097552,-29.11092313912682,2.036002741970733
3,2,4,-32.284889284291545,-32.2855887189964,-0.0006994347048574128
3,3,1,-31.247478781391326,-4.924036119328185,26.32344266206314
4,1,1,-35.165613471739384,-27.817397029726756,7.34821644201263
4,2,4,-32.94729982221386,-32.95294279070309,-0.0056429684892355
4,3,1,-35.14538665246512,-9.758178218610862,25.38720843385426
