run,segment,teacher_R,arm,ANR_db,delta_vs_original_R4_db,segment_body_mults_per_sample
0,1,1,original_R1,-33.46508620638084,-0.09249679614698891,14167
0,1,1,original_R2,-33.45368594004102,-0.0810965298071693,15822
0,1,1,original_R4,-33.37258941023385,0.0,19132
0,1,1,sorted_R2,-28.667431595806928,4.705157814426922,16484.0
0,1,1,sorted_R4,-32.45731704048992,0.9152723697439313,19132
0,1,1,boundary_R2_R4_R2,-28.667431595806928,4.705157814426922,16484.0
0,2,4,original_R1,-4.652977203789864,28.380226661583013,14167
0,2,4,original_R2,-8.24252637614105,24.790677489231825,15822
0,2,4,original_R4,-33.033203865372876,0.0,19132
0,2,4,sorted_R2,-6.590052689665029,26.443151175707847,15822
0,2,4,sorted_R4,-8.993845364022924,24.039358501349952,19132
0,2,4,boundary_R2_R4_R2,-9.603083692406976,23.4301201729659,19132
0,3,1,original_R1,-33.40775235440563,-0.10080720612906191,14167
0,3,1,original_R2,-33.413117447323785,-0.10617229904721626,15822
0,3,1,original_R4,-33.30694514827657,0.0,19132
0,3,1,sorted_R2,-27.712736143857963,5.594209004418605,15822
0,3,1,sorted_R4,-29.90365662947197,3.4032885188045974,19132
0,3,1,boundary_R2_R4_R2,-28.551197339177026,4.755747809099542,15822
1,1,1,original_R1,-32.41113903368318,-0.05777757637511627,14167
1,1,1,original_R2,-32.41748306098016,-0.06412160367209907,15822
1,1,1,original_R4,-32.35336145730806,0.0,19132
1,1,1,sorted_R2,-27.20515243460203,5.14820902270603,16484.0
1,1,1,sorted_R4,-30.833359998437814,1.5200014588702473,19132
1,1,1,boundary_R2_R4_R2,-27.20515243460203,5.14820902270603,16484.0
1,2,4,original_R1,-5.386767524859343,29.23344276324123,14167
1,2,4,original_R2,-8.276924938583415,26.34328534951716,15822
1,2,4,original_R4,-34.62021028810057,0.0,19132
1,2,4,sorted_R2,-7.662418022960263,26.95779226514031,15822
1,2,4,sorted_R4,-10.61983951822708,24.00037076987349,19132
1,2,4,boundary_R2_R4_R2,-10.42145837623334,24.198751911867234,19132
1,3,1,original_R1,-32.25633906360388,-0.04624991569287573,14167
1,3,1,original_R2,-32.26475668090399,-0.05466753299298688,15822
1,3,1,original_R4,-32.210089147911006,0.0,19132
1,3,1,sorted_R2,-27.389802137254325,4.820287010656681,15822
1,3,1,sorted_R4,-28.387531649142673,3.822557498768333,19132
1,3,1,boundary_R2_R4_R2,-27.41183190913166,4.798257238779346,15822
2,1,1,original_R1,-32.158733345713614,0.002110067995985787,14167
2,1,1,original_R2,-32.16163595557842,-0.0007925418688188302,15822
2,1,1,original_R4,-32.1608434137096,0.0,19132
2,1,1,sorted_R2,-27.945249958698714,4.215593455010886,16484.0
2,1,1,sorted_R4,-30.62063660555314,1.5402068081564586,19132
2,1,1,boundary_R2_R4_R2,-27.945249958698714,4.215593455010886,16484.0
2,2,4,original_R1,-3.670579945391757,27.865068356168237,14167
2,2,4,original_R2,-6.147698440142797,25.387949861417198,15822
2,2,4,original_R4,-31.535648301559995,0.0,19132
2,2,4,sorted_R2,-4.9465602275879235,26.58908807397207,15822
2,2,4,sorted_R4,-7.761382856625515,23.77426544493448,19132
2,2,4,boundary_R2_R4_R2,-7.894070662770272,23.641577638789723,19132
2,3,1,original_R1,-32.048022114232424,-0.10454016765008944,14167
2,3,1,original_R2,-31.875361173250187,0.06812077333214717,15822
2,3,1,original_R4,-31.943481946582335,0.0,19132
2,3,1,sorted_R2,-25.11551015097877,6.827971795603563,15822
2,3,1,sorted_R4,-28.059281399756657,3.884200546825678,19132
2,3,1,boundary_R2_R4_R2,-27.767737912097143,4.1757440344851915,15822
3,1,1,original_R1,-31.176152272944368,-0.029226391846815858,14167
3,1,1,original_R2,-31.18348715062702,-0.03656126952946792,15822
3,1,1,original_R4,-31.146925881097552,0.0,19132
3,1,1,sorted_R2,-29.11092313912682,2.03600274197073,16484.0
3,1,1,sorted_R4,-30.246942335113168,0.8999835459843837,19132
3,1,1,boundary_R2_R4_R2,-29.11092313912682,2.03600274197073,16484.0
3,2,4,original_R1,-3.2592200688438937,29.02566921544765,14167
3,2,4,original_R2,-5.9563258195640945,26.328563464727452,15822
3,2,4,original_R4,-32.284889284291545,0.0,19132
3,2,4,sorted_R2,-5.032666993737753,27.252222290553792,15822
3,2,4,sorted_R4,-8.197381142103032,24.08750814218851,19132
3,2,4,boundary_R2_R4_R2,-8.370918829767689,23.913970454523856,19132
3,3,1,original_R1,-31.314434540857565,-0.06695575946623933,14167
3,3,1,original_R2,-31.331025090096723,-0.08354630870539737,15822
3,3,1,original_R4,-31.247478781391326,0.0,19132
3,3,1,sorted_R2,-28.913207964086595,2.3342708173047306,15822
3,3,1,sorted_R4,-29.34443637401219,1.9030424073791359,19132
3,3,1,boundary_R2_R4_R2,-28.929102331282735,2.318376450108591,15822
4,1,1,original_R1,-35.16140177842477,0.004211693314616127,14167
4,1,1,original_R2,-35.156919500673844,0.00869397106554004,15822
4,1,1,original_R4,-35.165613471739384,0.0,19132
4,1,1,sorted_R2,-27.817397029726756,7.348216442012628,16484.0
4,1,1,sorted_R4,-33.75717775141845,1.4084357203209308,19132
4,1,1,boundary_R2_R4_R2,-27.817397029726756,7.348216442012628,16484.0
4,2,4,original_R1,-3.9928628361703873,28.95443698604347,14167
4,2,4,original_R2,-7.1767950099600215,25.770504812253836,15822
4,2,4,original_R4,-32.94729982221386,0.0,19132
4,2,4,sorted_R2,-5.697153818079823,27.250146004134034,15822
4,2,4,sorted_R4,-9.141355536251382,23.805944285962475,19132
4,2,4,boundary_R2_R4_R2,-9.107795206565298,23.839504615648558,19132
4,3,1,original_R1,-35.31347623303042,-0.16808958056530088,14167
4,3,1,original_R2,-35.32039994168459,-0.17501328921947135,15822
4,3,1,original_R4,-35.14538665246512,0.0,19132
4,3,1,sorted_R2,-28.193364030963743,6.952022621501378,15822
4,3,1,sorted_R4,-32.93505201621637,2.210334636248753,19132
4,3,1,boundary_R2_R4_R2,-28.19847137696113,6.94691527550399,15822
