case,segment,horizon,method,rank,continuous_R4_ANR_db,branch_ANR_db,delta_db,relative_frobenius_error,permuted_weight_matrix_rank,weight_sort_required,average_R_body_mults_per_sample,amortized_counted_mults_per_sample,full_output_invariance_max_abs,svd_tail_reconstruction_abs_error
E3,1,20000,current_signed_sort,2,-9.023329057007773,-9.816396415084066,-0.7930673580762928,0.04259974669363732,20,True,16484.0,16494.0209,2.220446049250313e-16,1.3877787807814457e-17
E3,1,20000,current_signed_sort,3,-9.023329057007773,-10.363483243883167,-1.3401541868753934,0.013488376733927207,20,True,17808.0,17818.02135,2.220446049250313e-16,5.204170427930421e-18
E3,1,20000,first_segment_signed_sort,2,-9.023329057007773,-9.816396415084066,-0.7930673580762928,0.04259974669363732,20,True,16484.0,16494.0209,2.220446049250313e-16,1.3877787807814457e-17
E3,1,20000,first_segment_signed_sort,3,-9.023329057007773,-10.363483243883167,-1.3401541868753934,0.013488376733927207,20,True,17808.0,17818.02135,2.220446049250313e-16,5.204170427930421e-18
E3,1,20000,identity,2,-9.023329057007773,-6.932833887857184,2.0904951691505893,0.5691386667654392,4,False,16484.0,16494.0209,0.0,1.1102230246251565e-16
E3,1,20000,identity,3,-9.023329057007773,-8.175438267564234,0.8478907894435395,0.37034617315683244,4,False,17808.0,17818.02135,0.0,1.1102230246251565e-16
E3,1,20000,fixed_random,2,-9.023329057007773,-6.85021047877861,2.173118578229163,0.8466946279628089,20,False,16484.0,16494.0209,3.3306690738754696e-16,1.1102230246251565e-16
E3,1,20000,fixed_random,3,-9.023329057007773,-8.530935447431988,0.49239360957578526,0.7790687149937885,20,False,17808.0,17818.02135,3.3306690738754696e-16,2.220446049250313e-16
E3,1,50000,current_signed_sort,2,-9.023329057007773,-9.755789233061837,-0.7324601760540634,0.06565452761114991,20,True,17477.0,17487.0209,2.220446049250313e-16,4.163336342344337e-17
E3,1,50000,current_signed_sort,3,-9.023329057007773,-10.194271096176466,-1.1709420391686933,0.014653180690856015,20,True,18304.5,18314.52135,2.220446049250313e-16,6.938893903907228e-18
E3,1,50000,first_segment_signed_sort,2,-9.023329057007773,-9.755789233061837,-0.7324601760540634,0.06565452761114991,20,True,17477.0,17487.0209,2.220446049250313e-16,4.163336342344337e-17
E3,1,50000,first_segment_signed_sort,3,-9.023329057007773,-10.194271096176466,-1.1709420391686933,0.014653180690856015,20,True,18304.5,18314.52135,2.220446049250313e-16,6.938893903907228e-18
E3,1,50000,identity,2,-9.023329057007773,-6.985606831699966,2.0377222253078067,0.5900474007680979,4,False,17477.0,17487.0209,0.0,0.0
E3,1,50000,identity,3,-9.023329057007773,-8.176876302743956,0.8464527542638169,0.38411558772839105,4,False,18304.5,18314.52135,0.0,5.551115123125783e-17
E3,1,50000,fixed_random,2,-9.023329057007773,-7.595045468402718,1.4282835886050549,0.8377823922321028,20,False,17477.0,17487.0209,2.220446049250313e-16,1.1102230246251565e-16
E3,1,50000,fixed_random,3,-9.023329057007773,-8.257721991034785,0.7656070659729881,0.7645414232866037,20,False,18304.5,18314.52135,2.220446049250313e-16,1.1102230246251565e-16
E3,2,20000,current_signed_sort,2,-8.715815890806482,-9.21108212405973,-0.4952662332532487,0.07733167199183619,20,True,16484.0,16494.0209,3.3306690738754696e-16,1.3877787807814457e-17
E3,2,20000,current_signed_sort,3,-8.715815890806482,-9.765154465597032,-1.04933857479055,0.01784024629180433,20,True,17808.0,17818.02135,3.3306690738754696e-16,3.469446951953614e-18
E3,2,20000,first_segment_signed_sort,2,-8.715815890806482,-9.273168379880754,-0.5573524890742725,0.42755221543342575,20,False,16484.0,16494.0209,2.220446049250313e-16,5.551115123125783e-17
E3,2,20000,first_segment_signed_sort,3,-8.715815890806482,-9.753085078122012,-1.0372691873155304,0.3797889961659859,20,False,17808.0,17818.02135,2.220446049250313e-16,5.551115123125783e-17
E3,2,20000,identity,2,-8.715815890806482,-6.739951254478682,1.9758646363277999,0.5929256215758244,4,False,16484.0,16494.0209,0.0,1.1102230246251565e-16
E3,2,20000,identity,3,-8.715815890806482,-7.822793509823624,0.8930223809828579,0.392057086789308,4,False,17808.0,17818.02135,0.0,5.551115123125783e-17
E3,2,20000,fixed_random,2,-8.715815890806482,-7.179480194852791,1.5363356959536913,0.7980678812162448,20,False,16484.0,16494.0209,4.440892098500626e-16,0.0
E3,2,20000,fixed_random,3,-8.715815890806482,-7.9247572759600695,0.7910586148464125,0.7184548461055569,20,False,17808.0,17818.02135,4.440892098500626e-16,1.1102230246251565e-16
E3,2,50000,current_signed_sort,2,-8.715815890806482,-9.348791991044799,-0.6329761002383165,0.08082344533029896,20,True,17477.0,17487.0209,6.661338147750939e-16,8.326672684688674e-17
E3,2,50000,current_signed_sort,3,-8.715815890806482,-9.705469728759446,-0.9896538379529645,0.019243031323447225,20,True,18304.5,18314.52135,6.661338147750939e-16,3.469446951953614e-18
E3,2,50000,first_segment_signed_sort,2,-8.715815890806482,-9.194064844132582,-0.4782489533260996,0.3362305705123711,20,False,17477.0,17487.0209,6.661338147750939e-16,1.1102230246251565e-16
E3,2,50000,first_segment_signed_sort,3,-8.715815890806482,-9.631827959957844,-0.9160120691513622,0.30126667391596224,20,False,18304.5,18314.52135,6.661338147750939e-16,5.551115123125783e-17
E3,2,50000,identity,2,-8.715815890806482,-6.74621346847933,1.969602422327152,0.583507369588733,4,False,17477.0,17487.0209,0.0,1.1102230246251565e-16
E3,2,50000,identity,3,-8.715815890806482,-7.84860706805109,0.8672088227553916,0.39108819188510335,4,False,18304.5,18314.52135,0.0,1.1102230246251565e-16
E3,2,50000,fixed_random,2,-8.715815890806482,-7.083360146231051,1.6324557445754309,0.7846164830732956,20,False,17477.0,17487.0209,4.440892098500626e-16,1.1102230246251565e-16
E3,2,50000,fixed_random,3,-8.715815890806482,-7.85362761757689,0.8621882732295916,0.7098745857090866,20,False,18304.5,18314.52135,4.440892098500626e-16,0.0
E3,3,20000,current_signed_sort,2,-7.97021317358984,-8.273874390068132,-0.30366121647829214,0.09475015447383002,20,True,16484.0,16494.0209,4.440892098500626e-16,2.7755575615628914e-17
E3,3,20000,current_signed_sort,3,-7.97021317358984,-8.578621931136823,-0.6084087575469832,0.015873711106290603,20,True,17808.0,17818.02135,4.440892098500626e-16,1.0408340855860843e-17
E3,3,20000,first_segment_signed_sort,2,-7.97021317358984,-8.05051183811645,-0.08029866452660972,0.5287331873253955,20,False,16484.0,16494.0209,1.1102230246251565e-16,2.220446049250313e-16
E3,3,20000,first_segment_signed_sort,3,-7.97021317358984,-8.479140707294237,-0.508927533704397,0.472449819025218,20,False,17808.0,17818.02135,1.1102230246251565e-16,1.6653345369377348e-16
E3,3,20000,identity,2,-7.97021317358984,-5.588607855206679,2.3816053183831603,0.5806340221684576,4,False,16484.0,16494.0209,0.0,1.1102230246251565e-16
E3,3,20000,identity,3,-7.97021317358984,-7.166053329228481,0.8041598443613589,0.38173202657095817,4,False,17808.0,17818.02135,0.0,1.6653345369377348e-16
E3,3,20000,fixed_random,2,-7.97021317358984,-6.3571745411468115,1.6130386324430281,0.7728823877377103,20,False,16484.0,16494.0209,2.220446049250313e-16,1.1102230246251565e-16
E3,3,20000,fixed_random,3,-7.97021317358984,-7.102712319689514,0.8675008539003253,0.6987059809928505,20,False,17808.0,17818.02135,2.220446049250313e-16,0.0
E3,3,50000,current_signed_sort,2,-7.97021317358984,-8.32033794582437,-0.35012477223453065,0.09910785193576271,20,True,17477.0,17487.0209,4.440892098500626e-16,0.0
E3,3,50000,current_signed_sort,3,-7.97021317358984,-8.649128670147245,-0.6789154965574058,0.015030201970672098,20,True,18304.5,18314.52135,4.440892098500626e-16,3.469446951953614e-18
E3,3,50000,first_segment_signed_sort,2,-7.97021317358984,-8.022198709186535,-0.051985535596695165,0.501492644751287,20,False,17477.0,17487.0209,4.440892098500626e-16,1.1102230246251565e-16
E3,3,50000,first_segment_signed_sort,3,-7.97021317358984,-8.446220640060062,-0.4760074664702225,0.45380007879166895,20,False,18304.5,18314.52135,4.440892098500626e-16,2.220446049250313e-16
E3,3,50000,identity,2,-7.97021317358984,-5.759423092457496,2.2107900811323438,0.5778929188711813,4,False,17477.0,17487.0209,0.0,0.0
E3,3,50000,identity,3,-7.97021317358984,-7.151479631794366,0.8187335417954733,0.3539490546307745,4,False,18304.5,18314.52135,0.0,0.0
E3,3,50000,fixed_random,2,-7.97021317358984,-6.370042353193774,1.6001708203960652,0.7648235281501096,20,False,17477.0,17487.0209,4.440892098500626e-16,0.0
E3,3,50000,fixed_random,3,-7.97021317358984,-7.136241254914656,0.8339719186751839,0.6939045211348909,20,False,18304.5,18314.52135,4.440892098500626e-16,1.1102230246251565e-16
E3,4,20000,current_signed_sort,2,-9.64637181906348,-10.079166513071629,-0.4327946940081482,0.12721324174258328,20,True,16484.0,16494.0209,9.020562075079397e-17,5.551115123125783e-17
E3,4,20000,current_signed_sort,3,-9.64637181906348,-10.536084981938043,-0.8897131628745623,0.016779923502752214,20,True,17808.0,17818.02135,9.020562075079397e-17,3.469446951953614e-18
E3,4,20000,first_segment_signed_sort,2,-9.64637181906348,-10.03505079117028,-0.38867897210679914,0.5542213355287812,20,False,16484.0,16494.0209,8.326672684688674e-17,0.0
E3,4,20000,first_segment_signed_sort,3,-9.64637181906348,-10.614732356991924,-0.9683605379284437,0.49754257739087904,20,False,17808.0,17818.02135,8.326672684688674e-17,1.1102230246251565e-16
E3,4,20000,identity,2,-9.64637181906348,-6.88976665746307,2.756605161600411,0.5509251137790381,4,False,16484.0,16494.0209,0.0,1.1102230246251565e-16
E3,4,20000,identity,3,-9.64637181906348,-8.507128086031784,1.1392437330316962,0.36095371971450424,4,False,17808.0,17818.02135,0.0,5.551115123125783e-17
E3,4,20000,fixed_random,2,-9.64637181906348,-7.723560324428069,1.9228114946354111,0.7422279086101861,20,False,16484.0,16494.0209,8.326672684688674e-17,3.3306690738754696e-16
E3,4,20000,fixed_random,3,-9.64637181906348,-8.858876273431147,0.7874955456323338,0.665916993088933,20,False,17808.0,17818.02135,8.326672684688674e-17,4.440892098500626e-16
E3,4,50000,current_signed_sort,2,-9.64637181906348,-10.096201038875817,-0.4498292198123366,0.13564326297684348,20,True,17477.0,17487.0209,4.440892098500626e-16,2.7755575615628914e-17
E3,4,50000,current_signed_sort,3,-9.64637181906348,-10.413767626682196,-0.7673958076187155,0.019501564137433345,20,True,18304.5,18314.52135,4.440892098500626e-16,3.469446951953614e-18
E3,4,50000,first_segment_signed_sort,2,-9.64637181906348,-9.98653084667531,-0.34015902761182915,0.5005739367512734,20,False,17477.0,17487.0209,4.440892098500626e-16,2.220446049250313e-16
E3,4,50000,first_segment_signed_sort,3,-9.64637181906348,-10.477130992968702,-0.8307591739052214,0.4537860812429452,20,False,18304.5,18314.52135,4.440892098500626e-16,1.6653345369377348e-16
E3,4,50000,identity,2,-9.64637181906348,-6.960315422412576,2.686056396650905,0.5627488907042522,4,False,17477.0,17487.0209,0.0,0.0
E3,4,50000,identity,3,-9.64637181906348,-8.50938492138008,1.1369868976833999,0.36359814640345345,4,False,18304.5,18314.52135,0.0,2.220446049250313e-16
E3,4,50000,fixed_random,2,-9.64637181906348,-7.719374728115723,1.9269970909477578,0.7389777601237489,20,False,17477.0,17487.0209,1.6653345369377348e-16,2.220446049250313e-16
E3,4,50000,fixed_random,3,-9.64637181906348,-8.717229229850698,0.9291425892127823,0.6689801742974709,20,False,18304.5,18314.52135,1.6653345369377348e-16,1.1102230246251565e-16
