case,run,segment,arm,ANR_db,delta_vs_R4_db,body_mults_per_sample,amortized_counted_mults_per_sample
E2,0,1,continuous_R4,-8.303800172219086,0.0,19132.0,19132.0
E2,0,1,sorted_svd_R2,-8.337648004089782,-0.03384783187069651,15987.5,15990.005225
E2,0,1,sorted_random_R2,-8.349479884688714,-0.04567971246962799,15987.5,15987.505225
E2,0,1,sorted_svd_R4,-9.397542784892519,-1.0937426126734326,19132.0,19134.50545
E2,0,1,identity_svd_R2,-5.7591661766100275,2.5446339956090585,15987.5,15990.005225
E2,0,1,sorted_frozen_R2,-7.597003225347704,0.706796946871382,11923.4,11925.905225
E2,0,2,continuous_R4,-8.01065755235729,0.0,19132.0,19132.0
E2,0,2,sorted_svd_R2,-8.207994131652855,-0.19733657929556436,15987.5,15990.005225
E2,0,2,sorted_random_R2,-8.203654041814657,-0.19299648945736614,15987.5,15987.505225
E2,0,2,sorted_svd_R4,-9.36895465473848,-1.35829710238119,19132.0,19134.50545
E2,0,2,identity_svd_R2,-5.465379472713354,2.5452780796439365,15987.5,15990.005225
E2,0,2,sorted_frozen_R2,-7.513892554236334,0.4967649981209563,11923.4,11925.905225
E2,0,3,continuous_R4,-6.606818636181355,0.0,19132.0,19132.0
E2,0,3,sorted_svd_R2,-6.784870141917374,-0.17805150573601836,15987.5,15990.005225
E2,0,3,sorted_random_R2,-6.781181330433796,-0.17436269425244078,15987.5,15987.505225
E2,0,3,sorted_svd_R4,-7.56036089977971,-0.9535422635983544,19132.0,19134.50545
E2,0,3,identity_svd_R2,-4.729500041313109,1.877318594868246,15987.5,15990.005225
E2,0,3,sorted_frozen_R2,-6.040908792860371,0.5659098433209842,11923.4,11925.905225
E2,0,4,continuous_R4,-8.397850825309746,0.0,19132.0,19132.0
E2,0,4,sorted_svd_R2,-8.519994974891134,-0.12214414958138775,15987.5,15990.005225
E2,0,4,sorted_random_R2,-8.510097403109876,-0.11224657780013025,15987.5,15987.505225
E2,0,4,sorted_svd_R4,-9.835943555607242,-1.4380927302974964,19132.0,19134.50545
E2,0,4,identity_svd_R2,-5.526129255864646,2.8717215694451,15987.5,15990.005225
E2,0,4,sorted_frozen_R2,-7.825925826964216,0.5719249983455299,11923.4,11925.905225
E2,1,1,continuous_R4,-8.932658214917064,0.0,19132.0,19132.0
E2,1,1,sorted_svd_R2,-9.230237992081198,-0.29757977716413464,15987.5,15990.005225
E2,1,1,sorted_random_R2,-9.232058583353728,-0.2994003684366646,15987.5,15987.505225
E2,1,1,sorted_svd_R4,-10.36930074682004,-1.4366425319029759,19132.0,19134.50545
E2,1,1,identity_svd_R2,-6.815844633932954,2.1168135809841093,15987.5,15990.005225
E2,1,1,sorted_frozen_R2,-8.572882755037778,0.3597754598792857,11923.4,11925.905225
E2,1,2,continuous_R4,-8.538833021684528,0.0,19132.0,19132.0
E2,1,2,sorted_svd_R2,-8.551911878727472,-0.013078857042943426,15987.5,15990.005225
E2,1,2,sorted_random_R2,-8.559036038614217,-0.02020301692968829,15987.5,15987.505225
E2,1,2,sorted_svd_R4,-9.596772456854664,-1.0579394351701357,19132.0,19134.50545
E2,1,2,identity_svd_R2,-6.427217360484679,2.111615661199849,15987.5,15990.005225
E2,1,2,sorted_frozen_R2,-7.949728332675994,0.5891046890085345,11923.4,11925.905225
E2,1,3,continuous_R4,-7.736276813006813,0.0,19132.0,19132.0
E2,1,3,sorted_svd_R2,-7.501527274899629,0.23474953810718446,15987.5,15990.005225
E2,1,3,sorted_random_R2,-7.514480330321447,0.22179648268536578,15987.5,15987.505225
E2,1,3,sorted_svd_R4,-8.489131513855774,-0.7528547008489612,19132.0,19134.50545
E2,1,3,identity_svd_R2,-5.857928637110506,1.8783481758963072,15987.5,15990.005225
E2,1,3,sorted_frozen_R2,-6.709259518881918,1.027017294124895,11923.4,11925.905225
E2,1,4,continuous_R4,-9.324877414857657,0.0,19132.0,19132.0
E2,1,4,sorted_svd_R2,-9.025517317099766,0.29936009775789074,15987.5,15990.005225
E2,1,4,sorted_random_R2,-9.027175640842774,0.2977017740148824,15987.5,15987.505225
E2,1,4,sorted_svd_R4,-10.202613518879845,-0.8777361040221887,19132.0,19134.50545
E2,1,4,identity_svd_R2,-6.835713552487883,2.4891638623697734,15987.5,15990.005225
E2,1,4,sorted_frozen_R2,-8.494349464387215,0.8305279504704419,11923.4,11925.905225
E2,2,1,continuous_R4,-8.357208829534182,0.0,19132.0,19132.0
E2,2,1,sorted_svd_R2,-8.924301346641048,-0.5670925171068664,15987.5,15990.005225
E2,2,1,sorted_random_R2,-8.926536274513895,-0.569327444979713,15987.5,15987.505225
E2,2,1,sorted_svd_R4,-9.975254698314052,-1.6180458687798698,19132.0,19134.50545
E2,2,1,identity_svd_R2,-5.802860503931398,2.554348325602784,15987.5,15990.005225
E2,2,1,sorted_frozen_R2,-8.337378478347613,0.019830351186568507,11923.4,11925.905225
E2,2,2,continuous_R4,-7.955410675023103,0.0,19132.0,19132.0
E2,2,2,sorted_svd_R2,-8.214918566770196,-0.2595078917470932,15987.5,15990.005225
E2,2,2,sorted_random_R2,-8.21914070329938,-0.263730028276278,15987.5,15987.505225
E2,2,2,sorted_svd_R4,-9.323795179736884,-1.3683845047137808,19132.0,19134.50545
E2,2,2,identity_svd_R2,-5.502001579023542,2.453409095999561,15987.5,15990.005225
E2,2,2,sorted_frozen_R2,-7.897161964082365,0.058248710940738135,11923.4,11925.905225
E2,2,3,continuous_R4,-7.170017589570913,0.0,19132.0,19132.0
E2,2,3,sorted_svd_R2,-7.103077513117128,0.06694007645378441,15987.5,15990.005225
E2,2,3,sorted_random_R2,-7.1022905093654,0.06772708020551299,15987.5,15987.505225
E2,2,3,sorted_svd_R4,-8.04863682565626,-0.8786192360853473,19132.0,19134.50545
E2,2,3,identity_svd_R2,-5.085914465606081,2.084103123964832,15987.5,15990.005225
E2,2,3,sorted_frozen_R2,-6.765120704180883,0.40489688539002966,11923.4,11925.905225
E2,2,4,continuous_R4,-8.917330862412975,0.0,19132.0,19132.0
E2,2,4,sorted_svd_R2,-9.369826853948805,-0.4524959915358302,15987.5,15990.005225
E2,2,4,sorted_random_R2,-9.358743124338877,-0.4414122619259029,15987.5,15987.505225
E2,2,4,sorted_svd_R4,-10.373982459704267,-1.4566515972912928,19132.0,19134.50545
E2,2,4,identity_svd_R2,-6.113587209313923,2.803743653099051,15987.5,15990.005225
E2,2,4,sorted_frozen_R2,-8.697978041201498,0.21935282121147637,11923.4,11925.905225
E2,3,1,continuous_R4,-9.454383988963457,0.0,19132.0,19132.0
E2,3,1,sorted_svd_R2,-10.030305718654096,-0.5759217296906396,15987.5,15990.005225
E2,3,1,sorted_random_R2,-10.030508343142788,-0.5761243541793313,15987.5,15987.505225
E2,3,1,sorted_svd_R4,-10.914181462847873,-1.4597974738844162,19132.0,19134.50545
E2,3,1,identity_svd_R2,-7.182583911396272,2.2718000775671845,15987.5,15990.005225
E2,3,1,sorted_frozen_R2,-8.775578939604898,0.6788050493585587,11923.4,11925.905225
E2,3,2,continuous_R4,-8.68267130776109,0.0,19132.0,19132.0
E2,3,2,sorted_svd_R2,-9.144235320855355,-0.4615640130942644,15987.5,15990.005225
E2,3,2,sorted_random_R2,-9.146831294558641,-0.46415998679755077,15987.5,15987.505225
E2,3,2,sorted_svd_R4,-9.901710608297673,-1.2190393005365827,19132.0,19134.50545
E2,3,2,identity_svd_R2,-6.6944906812366245,1.988180626524466,15987.5,15990.005225
E2,3,2,sorted_frozen_R2,-7.796484990701333,0.8861863170597575,11923.4,11925.905225
E2,3,3,continuous_R4,-7.552994282674856,0.0,19132.0,19132.0
E2,3,3,sorted_svd_R2,-7.6643306212787605,-0.11133633860390457,15987.5,15990.005225
E2,3,3,sorted_random_R2,-7.664642200761122,-0.11164791808626617,15987.5,15987.505225
E2,3,3,sorted_svd_R4,-8.130087710987794,-0.5770934283129385,19132.0,19134.50545
E2,3,3,identity_svd_R2,-5.854307253919309,1.698687028755547,15987.5,15990.005225
E2,3,3,sorted_frozen_R2,-6.256365981222251,1.2966283014526052,11923.4,11925.905225
E2,3,4,continuous_R4,-9.70307439277694,0.0,19132.0,19132.0
E2,3,4,sorted_svd_R2,-10.22766602857806,-0.5245916358011193,15987.5,15990.005225
E2,3,4,sorted_random_R2,-10.227599328277108,-0.5245249355001675,15987.5,15987.505225
E2,3,4,sorted_svd_R4,-11.098293238911115,-1.3952188461341741,19132.0,19134.50545
E2,3,4,identity_svd_R2,-7.487309134875715,2.215765257901226,15987.5,15990.005225
E2,3,4,sorted_frozen_R2,-8.7356878726723,0.9673865201046414,11923.4,11925.905225
E2,4,1,continuous_R4,-9.206912079929923,0.0,19132.0,19132.0
E2,4,1,sorted_svd_R2,-9.454090733458523,-0.24717865352860002,15987.5,15990.005225
E2,4,1,sorted_random_R2,-9.41509251694006,-0.208180437010137,15987.5,15987.505225
E2,4,1,sorted_svd_R4,-10.411980635343475,-1.2050685554135523,19132.0,19134.50545
E2,4,1,identity_svd_R2,-7.123710770028374,2.0832013099015487,15987.5,15990.005225
E2,4,1,sorted_frozen_R2,-7.864071948249571,1.3428401316803518,11923.4,11925.905225
E2,4,2,continuous_R4,-8.358633970211095,0.0,19132.0,19132.0
E2,4,2,sorted_svd_R2,-8.315566548898502,0.04306742131259256,15987.5,15990.005225
E2,4,2,sorted_random_R2,-8.36323026403031,-0.004596293819215447,15987.5,15987.505225
E2,4,2,sorted_svd_R4,-9.311670386182012,-0.9530364159709173,19132.0,19134.50545
E2,4,2,identity_svd_R2,-6.38563868051322,1.9729952896978746,15987.5,15990.005225
E2,4,2,sorted_frozen_R2,-7.620051492769826,0.7385824774412688,11923.4,11925.905225
E2,4,3,continuous_R4,-7.460315910621108,0.0,19132.0,19132.0
E2,4,3,sorted_svd_R2,-7.436922430399076,0.02339348022203147,15987.5,15990.005225
E2,4,3,sorted_random_R2,-7.410016733615831,0.050299177005276974,15987.5,15987.505225
E2,4,3,sorted_svd_R4,-8.122796805935465,-0.6624808953143573,19132.0,19134.50545
E2,4,3,identity_svd_R2,-5.673860983526435,1.786454927094673,15987.5,15990.005225
E2,4,3,sorted_frozen_R2,-6.608232000390977,0.8520839102301307,11923.4,11925.905225
E2,4,4,continuous_R4,-9.111338916093612,0.0,19132.0,19132.0
E2,4,4,sorted_svd_R2,-9.139773295086002,-0.028434378992390208,15987.5,15990.005225
E2,4,4,sorted_random_R2,-8.923999403542258,0.18733951255135395,15987.5,15987.505225
E2,4,4,sorted_svd_R4,-10.127426123290954,-1.0160872071973426,19132.0,19134.50545
E2,4,4,identity_svd_R2,-7.015971007721175,2.0953679083724364,15987.5,15990.005225
E2,4,4,sorted_frozen_R2,-7.788390190057812,1.3229487260357997,11923.4,11925.905225
E3,0,1,continuous_R4,-9.023329057007773,0.0,19132.0,19132.0
E3,0,1,sorted_svd_R2,-9.816396415084066,-0.7930673580762928,15987.5,15990.005225
E3,0,1,sorted_random_R2,-9.139031615655611,-0.11570255864783796,15987.5,15987.505225
E3,0,1,sorted_svd_R4,-10.742550725887005,-1.7192216688792321,19132.0,19134.50545
E3,0,1,identity_svd_R2,-6.932833887857184,2.0904951691505893,15987.5,15990.005225
E3,0,1,sorted_frozen_R2,-8.736611753888253,0.28671730311952004,11923.4,11925.905225
E3,0,2,continuous_R4,-8.715815890806482,0.0,19132.0,19132.0
E3,0,2,sorted_svd_R2,-9.264240941527715,-0.5484250507212334,15987.5,15990.005225
E3,0,2,sorted_random_R2,-9.099684326014085,-0.38386843520760294,15987.5,15987.505225
E3,0,2,sorted_svd_R4,-10.234804455796793,-1.5189885649903108,19132.0,19134.50545
E3,0,2,identity_svd_R2,-6.559724553736091,2.156091337070391,15987.5,15990.005225
E3,0,2,sorted_frozen_R2,-8.110192016508561,0.6056238742979208,11923.4,11925.905225
E3,0,3,continuous_R4,-7.97021317358984,0.0,19132.0,19132.0
E3,0,3,sorted_svd_R2,-7.986523787346726,-0.016310613756886028,15987.5,15990.005225
E3,0,3,sorted_random_R2,-8.062344217747755,-0.09213104415791573,15987.5,15987.505225
E3,0,3,sorted_svd_R4,-8.986811595225777,-1.0165984216359378,19132.0,19134.50545
E3,0,3,identity_svd_R2,-5.622230762722829,2.3479824108670106,15987.5,15990.005225
E3,0,3,sorted_frozen_R2,-6.715100500332613,1.2551126732572264,11923.4,11925.905225
E3,0,4,continuous_R4,-9.64637181906348,0.0,19132.0,19132.0
E3,0,4,sorted_svd_R2,-9.901610004601537,-0.25523818553805633,15987.5,15990.005225
E3,0,4,sorted_random_R2,-9.99508269425986,-0.3487108751963799,15987.5,15987.505225
E3,0,4,sorted_svd_R4,-11.065167748664598,-1.4187959296011172,19132.0,19134.50545
E3,0,4,identity_svd_R2,-7.119830516681398,2.526541302382082,15987.5,15990.005225
E3,0,4,sorted_frozen_R2,-8.810937544395427,0.835434274668053,11923.4,11925.905225
E3,1,1,continuous_R4,-8.667878598312559,0.0,19132.0,19132.0
E3,1,1,sorted_svd_R2,-8.735725388086605,-0.06784678977404646,15987.5,15990.005225
E3,1,1,sorted_random_R2,-8.724081989328853,-0.0562033910162949,15987.5,15987.505225
E3,1,1,sorted_svd_R4,-9.622314061379265,-0.9544354630667069,19132.0,19134.50545
E3,1,1,identity_svd_R2,-6.80405510621626,1.8638234920962988,15987.5,15990.005225
E3,1,1,sorted_frozen_R2,-8.374349916835019,0.2935286814775395,11923.4,11925.905225
E3,1,2,continuous_R4,-8.15760631692712,0.0,19132.0,19132.0
E3,1,2,sorted_svd_R2,-8.044641026651158,0.11296529027596236,15987.5,15990.005225
E3,1,2,sorted_random_R2,-8.039092429229981,0.118513887697139,15987.5,15987.505225
E3,1,2,sorted_svd_R4,-9.108362121607053,-0.9507558046799325,19132.0,19134.50545
E3,1,2,identity_svd_R2,-6.308945638909769,1.8486606780173513,15987.5,15990.005225
E3,1,2,sorted_frozen_R2,-7.695415461612964,0.46219085531415605,11923.4,11925.905225
E3,1,3,continuous_R4,-7.176305949738303,0.0,19132.0,19132.0
E3,1,3,sorted_svd_R2,-6.890687793471578,0.28561815626672526,15987.5,15990.005225
E3,1,3,sorted_random_R2,-6.890955065971959,0.2853508837663439,15987.5,15987.505225
E3,1,3,sorted_svd_R4,-7.932215222716348,-0.7559092729780446,19132.0,19134.50545
E3,1,3,identity_svd_R2,-5.534938321528402,1.6413676282099017,15987.5,15990.005225
E3,1,3,sorted_frozen_R2,-6.318577868460155,0.8577280812781485,11923.4,11925.905225
E3,1,4,continuous_R4,-8.461250068062613,0.0,19132.0,19132.0
E3,1,4,sorted_svd_R2,-8.270023956155878,0.19122611190673489,15987.5,15990.005225
E3,1,4,sorted_random_R2,-8.270337354734995,0.19091271332761828,15987.5,15987.505225
E3,1,4,sorted_svd_R4,-9.252340761057935,-0.7910906929953221,19132.0,19134.50545
E3,1,4,identity_svd_R2,-6.3783449379429635,2.0829051301196495,15987.5,15990.005225
E3,1,4,sorted_frozen_R2,-7.918262721141583,0.5429873469210298,11923.4,11925.905225
E3,2,1,continuous_R4,-7.662126433569938,0.0,19132.0,19132.0
E3,2,1,sorted_svd_R2,-7.844221548151305,-0.18209511458136696,15987.5,15990.005225
E3,2,1,sorted_random_R2,-7.627104548703585,0.03502188486635305,15987.5,15987.505225
E3,2,1,sorted_svd_R4,-8.833922500541927,-1.1717960669719893,19132.0,19134.50545
E3,2,1,identity_svd_R2,-5.158400558303831,2.503725875266107,15987.5,15990.005225
E3,2,1,sorted_frozen_R2,-6.932520340453231,0.7296060931167068,11923.4,11925.905225
E3,2,2,continuous_R4,-7.715911861161289,0.0,19132.0,19132.0
E3,2,2,sorted_svd_R2,-7.58131852759928,0.13459333356200887,15987.5,15990.005225
E3,2,2,sorted_random_R2,-7.629878127879872,0.08603373328141739,15987.5,15987.505225
E3,2,2,sorted_svd_R4,-8.657215261465991,-0.9413034003047018,19132.0,19134.50545
E3,2,2,identity_svd_R2,-5.8192985513339845,1.8966133098273046,15987.5,15990.005225
E3,2,2,sorted_frozen_R2,-6.757976557931398,0.957935303229891,11923.4,11925.905225
E3,2,3,continuous_R4,-7.030856904195683,0.0,19132.0,19132.0
E3,2,3,sorted_svd_R2,-6.5967330081234135,0.4341238960722693,15987.5,15990.005225
E3,2,3,sorted_random_R2,-6.856057284913176,0.1747996192825072,15987.5,15987.505225
E3,2,3,sorted_svd_R4,-7.62437640202489,-0.5935194978292069,19132.0,19134.50545
E3,2,3,identity_svd_R2,-5.270639703699646,1.7602172004960366,15987.5,15990.005225
E3,2,3,sorted_frozen_R2,-5.784967533136897,1.2458893710587855,11923.4,11925.905225
E3,2,4,continuous_R4,-8.181577435709901,0.0,19132.0,19132.0
E3,2,4,sorted_svd_R2,-7.935330923748671,0.24624651196123004,15987.5,15990.005225
E3,2,4,sorted_random_R2,-7.992052671582131,0.18952476412776953,15987.5,15987.505225
E3,2,4,sorted_svd_R4,-9.099366174425702,-0.9177887387158012,19132.0,19134.50545
E3,2,4,identity_svd_R2,-6.088711898464021,2.0928655372458795,15987.5,15990.005225
E3,2,4,sorted_frozen_R2,-7.203344264033329,0.978233171676572,11923.4,11925.905225
E3,3,1,continuous_R4,-9.562034617606047,0.0,19132.0,19132.0
E3,3,1,sorted_svd_R2,-9.357839779904861,0.20419483770118596,15987.5,15990.005225
E3,3,1,sorted_random_R2,-9.338895722930822,0.22313889467522507,15987.5,15987.505225
E3,3,1,sorted_svd_R4,-10.420689372217975,-0.8586547546119281,19132.0,19134.50545
E3,3,1,identity_svd_R2,-7.902949549493802,1.6590850681122449,15987.5,15990.005225
E3,3,1,sorted_frozen_R2,-8.870046304320049,0.6919883132859983,11923.4,11925.905225
E3,3,2,continuous_R4,-8.921026883503108,0.0,19132.0,19132.0
E3,3,2,sorted_svd_R2,-8.5963396111701,0.32468727233300854,15987.5,15990.005225
E3,3,2,sorted_random_R2,-8.596605278182015,0.32442160532109376,15987.5,15987.505225
E3,3,2,sorted_svd_R4,-9.58123597915685,-0.660209095653741,19132.0,19134.50545
E3,3,2,identity_svd_R2,-7.278359388563789,1.6426674949393192,15987.5,15990.005225
E3,3,2,sorted_frozen_R2,-7.956016672932663,0.965010210570445,11923.4,11925.905225
E3,3,3,continuous_R4,-7.8512364536634,0.0,19132.0,19132.0
E3,3,3,sorted_svd_R2,-7.431944171126599,0.4192922825368015,15987.5,15990.005225
E3,3,3,sorted_random_R2,-7.431015262724056,0.42022119093934407,15987.5,15987.505225
E3,3,3,sorted_svd_R4,-8.18063933696498,-0.3294028833015794,19132.0,19134.50545
E3,3,3,identity_svd_R2,-6.173434919668994,1.6778015339944066,15987.5,15990.005225
E3,3,3,sorted_frozen_R2,-6.283770084005313,1.5674663696580877,11923.4,11925.905225
E3,3,4,continuous_R4,-9.620194588245058,0.0,19132.0,19132.0
E3,3,4,sorted_svd_R2,-9.312147682078173,0.3080469061668847,15987.5,15990.005225
E3,3,4,sorted_random_R2,-9.31097931175644,0.3092152764886169,15987.5,15987.505225
E3,3,4,sorted_svd_R4,-10.220550380626673,-0.600355792381615,19132.0,19134.50545
E3,3,4,identity_svd_R2,-7.719519588314507,1.9006749999305503,15987.5,15990.005225
E3,3,4,sorted_frozen_R2,-8.787193415640928,0.8330011726041295,11923.4,11925.905225
E3,4,1,continuous_R4,-8.574217823958238,0.0,19132.0,19132.0
E3,4,1,sorted_svd_R2,-9.078997784328472,-0.5047799603702341,15987.5,15990.005225
E3,4,1,sorted_random_R2,-8.954094689322739,-0.37987686536450127,15987.5,15987.505225
E3,4,1,sorted_svd_R4,-10.042416191800323,-1.468198367842085,19132.0,19134.50545
E3,4,1,identity_svd_R2,-6.5979282071023295,1.976289616855908,15987.5,15990.005225
E3,4,1,sorted_frozen_R2,-8.074231166149024,0.49998665780921314,11923.4,11925.905225
E3,4,2,continuous_R4,-8.745578289615802,0.0,19132.0,19132.0
E3,4,2,sorted_svd_R2,-8.911839661133875,-0.16626137151807363,15987.5,15990.005225
E3,4,2,sorted_random_R2,-8.781110861344459,-0.0355325717286572,15987.5,15987.505225
E3,4,2,sorted_svd_R4,-10.079712077133829,-1.3341337875180272,19132.0,19134.50545
E3,4,2,identity_svd_R2,-6.525383116567532,2.2201951730482694,15987.5,15990.005225
E3,4,2,sorted_frozen_R2,-7.904943756210078,0.8406345334057237,11923.4,11925.905225
E3,4,3,continuous_R4,-7.714896109039689,0.0,19132.0,19132.0
E3,4,3,sorted_svd_R2,-7.5610559692996056,0.15384013974008326,15987.5,15990.005225
E3,4,3,sorted_random_R2,-7.512786945453669,0.2021091635860195,15987.5,15987.505225
E3,4,3,sorted_svd_R4,-8.548294409798082,-0.8333983007583932,19132.0,19134.50545
E3,4,3,identity_svd_R2,-5.6677040316396425,2.0471920774000463,15987.5,15990.005225
E3,4,3,sorted_frozen_R2,-6.5491314818575095,1.1657646271821793,11923.4,11925.905225
E3,4,4,continuous_R4,-9.087433567939819,0.0,19132.0,19132.0
E3,4,4,sorted_svd_R2,-9.149759972675216,-0.062326404735397745,15987.5,15990.005225
E3,4,4,sorted_random_R2,-9.164527680716754,-0.07709411277693512,15987.5,15987.505225
E3,4,4,sorted_svd_R4,-10.327189140298588,-1.239755572358769,19132.0,19134.50545
E3,4,4,identity_svd_R2,-6.788578021707875,2.2988555462319438,15987.5,15990.005225
E3,4,4,sorted_frozen_R2,-8.257933484171168,0.8295000837686501,11923.4,11925.905225
