case,run,window,arm,ANR_db
E2,0,1,continuous_R4,-8.126692839001908
E2,0,1,sorted_svd_R2,-8.139686828887644
E2,0,1,sorted_random_R2,-6.757315945884846
E2,0,1,sorted_svd_R4,-8.145598996162551
E2,0,1,identity_svd_R2,-7.118587738905034
E2,0,1,sorted_frozen_R2,-8.13270730547911
E2,0,2,continuous_R4,-8.261430483218392
E2,0,2,sorted_svd_R2,-8.328433925907618
E2,0,2,sorted_random_R2,-6.676994026939776
E2,0,2,sorted_svd_R4,-8.352618523652056
E2,0,2,identity_svd_R2,-6.321717921968014
E2,0,2,sorted_frozen_R2,-8.227995352295228
E2,0,3,continuous_R4,-7.939520932748229
E2,0,3,sorted_svd_R2,-8.035654752711144
E2,0,3,sorted_random_R2,-6.747963955462134
E2,0,3,sorted_svd_R4,-8.177584183188861
E2,0,3,identity_svd_R2,-5.761511423438564
E2,0,3,sorted_frozen_R2,-7.834507586291235
E2,0,4,continuous_R4,-7.891160171855153
E2,0,4,sorted_svd_R2,-7.990201573507392
E2,0,4,sorted_random_R2,-6.968378210418236
E2,0,4,sorted_svd_R4,-8.207819575848104
E2,0,4,identity_svd_R2,-5.447811730496739
E2,0,4,sorted_frozen_R2,-7.769792083746375
E2,0,5,continuous_R4,-7.87574551634839
E2,0,5,sorted_svd_R2,-8.038759793897082
E2,0,5,sorted_random_R2,-7.203080272583719
E2,0,5,sorted_svd_R4,-8.270489734339797
E2,0,5,identity_svd_R2,-5.252079047556747
E2,0,5,sorted_frozen_R2,-7.676360311066881
E2,0,6,continuous_R4,-7.939217062375616
E2,0,6,sorted_svd_R2,-8.143439828980615
E2,0,6,sorted_random_R2,-7.3614682783336365
E2,0,6,sorted_svd_R4,-8.35242931177258
E2,0,6,identity_svd_R2,-5.255759065669568
E2,0,6,sorted_frozen_R2,-7.740775626959513
E2,0,7,continuous_R4,-8.10750819441814
E2,0,7,sorted_svd_R2,-8.394632788182344
E2,0,7,sorted_random_R2,-7.708090054182724
E2,0,7,sorted_svd_R4,-8.626537976114546
E2,0,7,identity_svd_R2,-5.435036837671946
E2,0,7,sorted_frozen_R2,-7.873135786520363
E2,0,8,continuous_R4,-8.038411266299835
E2,0,8,sorted_svd_R2,-8.497901645056636
E2,0,8,sorted_random_R2,-7.827595370953225
E2,0,8,sorted_svd_R4,-8.768007466544953
E2,0,8,identity_svd_R2,-5.465548540549484
E2,0,8,sorted_frozen_R2,-7.7212769809622
E2,0,9,continuous_R4,-7.936272263299735
E2,0,9,sorted_svd_R2,-8.417235303026757
E2,0,9,sorted_random_R2,-7.831107214631445
E2,0,9,sorted_svd_R4,-8.746071533124704
E2,0,9,identity_svd_R2,-5.445473693567384
E2,0,9,sorted_frozen_R2,-7.710376183306315
E2,0,10,continuous_R4,-7.841456893421771
E2,0,10,sorted_svd_R2,-8.317653326636561
E2,0,10,sorted_random_R2,-7.727946807860977
E2,0,10,sorted_svd_R4,-8.69542671821887
E2,0,10,identity_svd_R2,-5.351680753470235
E2,0,10,sorted_frozen_R2,-7.70836869168047
E2,1,1,continuous_R4,-8.206237375670998
E2,1,1,sorted_svd_R2,-8.27182730174519
E2,1,1,sorted_random_R2,-6.613104691916651
E2,1,1,sorted_svd_R4,-8.265086336794594
E2,1,1,identity_svd_R2,-7.354785048145286
E2,1,1,sorted_frozen_R2,-8.282232693443936
E2,1,2,continuous_R4,-8.20764618781853
E2,1,2,sorted_svd_R2,-8.398529304940158
E2,1,2,sorted_random_R2,-6.096704877129603
E2,1,2,sorted_svd_R4,-8.39602372286937
E2,1,2,identity_svd_R2,-6.6708080137660515
E2,1,2,sorted_frozen_R2,-8.346371072348777
E2,1,3,continuous_R4,-8.286534393464235
E2,1,3,sorted_svd_R2,-8.469344963023405
E2,1,3,sorted_random_R2,-6.447964365718993
E2,1,3,sorted_svd_R4,-8.495255321826019
E2,1,3,identity_svd_R2,-6.346606395572141
E2,1,3,sorted_frozen_R2,-8.387109978572894
E2,1,4,continuous_R4,-8.606788380100786
E2,1,4,sorted_svd_R2,-8.9287087501275
E2,1,4,sorted_random_R2,-7.0682769467713475
E2,1,4,sorted_svd_R4,-8.979307254895202
E2,1,4,identity_svd_R2,-6.395622596961988
E2,1,4,sorted_frozen_R2,-8.532470534915511
E2,1,5,continuous_R4,-8.69515345734297
E2,1,5,sorted_svd_R2,-9.094637598221185
E2,1,5,sorted_random_R2,-7.385483233181166
E2,1,5,sorted_svd_R4,-9.161784827157195
E2,1,5,identity_svd_R2,-6.39805167815904
E2,1,5,sorted_frozen_R2,-8.610010218038354
E2,1,6,continuous_R4,-8.63331016264254
E2,1,6,sorted_svd_R2,-9.0900795321781
E2,1,6,sorted_random_R2,-7.561730629125274
E2,1,6,sorted_svd_R4,-9.158211349197174
E2,1,6,identity_svd_R2,-6.16637333297484
E2,1,6,sorted_frozen_R2,-8.666106024267572
E2,1,7,continuous_R4,-8.527597408230527
E2,1,7,sorted_svd_R2,-8.996667091887536
E2,1,7,sorted_random_R2,-7.595580390438505
E2,1,7,sorted_svd_R4,-9.066775733612252
E2,1,7,identity_svd_R2,-6.089497631675624
E2,1,7,sorted_frozen_R2,-8.591745255237916
E2,1,8,continuous_R4,-8.633881992600793
E2,1,8,sorted_svd_R2,-9.165119335241364
E2,1,8,sorted_random_R2,-7.987057986409789
E2,1,8,sorted_svd_R4,-9.258248154775488
E2,1,8,identity_svd_R2,-6.196863505644744
E2,1,8,sorted_frozen_R2,-8.635607136957555
E2,1,9,continuous_R4,-8.78919523829013
E2,1,9,sorted_svd_R2,-9.287460136550157
E2,1,9,sorted_random_R2,-8.307512360491843
E2,1,9,sorted_svd_R4,-9.36486940809502
E2,1,9,identity_svd_R2,-6.487797929323415
E2,1,9,sorted_frozen_R2,-8.728786466968074
E2,1,10,continuous_R4,-8.85191153303851
E2,1,10,sorted_svd_R2,-9.44630170153062
E2,1,10,sorted_random_R2,-8.532903073699133
E2,1,10,sorted_svd_R4,-9.549546628117607
E2,1,10,identity_svd_R2,-6.496538701528467
E2,1,10,sorted_frozen_R2,-8.801601212344211
E2,2,1,continuous_R4,-8.573159953050247
E2,2,1,sorted_svd_R2,-8.613473126437118
E2,2,1,sorted_random_R2,-7.284453717426644
E2,2,1,sorted_svd_R4,-8.611749303065281
E2,2,1,identity_svd_R2,-7.5569101752801915
E2,2,1,sorted_frozen_R2,-8.56793433106753
E2,2,2,continuous_R4,-8.367243323324857
E2,2,2,sorted_svd_R2,-8.517474210269645
E2,2,2,sorted_random_R2,-7.1679599160537455
E2,2,2,sorted_svd_R4,-8.534674022056196
E2,2,2,identity_svd_R2,-6.465313151993896
E2,2,2,sorted_frozen_R2,-8.403824188840138
E2,2,3,continuous_R4,-8.182776988243372
E2,2,3,sorted_svd_R2,-8.396245030289215
E2,2,3,sorted_random_R2,-7.3453352588740755
E2,2,3,sorted_svd_R4,-8.44196095554357
E2,2,3,identity_svd_R2,-5.971867683987949
E2,2,3,sorted_frozen_R2,-8.237415517359214
E2,2,4,continuous_R4,-8.248911444951519
E2,2,4,sorted_svd_R2,-8.492387681779881
E2,2,4,sorted_random_R2,-7.725855749701527
E2,2,4,sorted_svd_R4,-8.558902559055829
E2,2,4,identity_svd_R2,-5.753981106950627
E2,2,4,sorted_frozen_R2,-8.288658429773278
E2,2,5,continuous_R4,-8.387876628879443
E2,2,5,sorted_svd_R2,-8.730968940899587
E2,2,5,sorted_random_R2,-8.081716970384806
E2,2,5,sorted_svd_R4,-8.817858749563932
E2,2,5,identity_svd_R2,-5.7508633849215345
E2,2,5,sorted_frozen_R2,-8.416980526831336
E2,2,6,continuous_R4,-8.464208434993013
E2,2,6,sorted_svd_R2,-8.913920331315053
E2,2,6,sorted_random_R2,-8.374925723994496
E2,2,6,sorted_svd_R4,-9.01505275955415
E2,2,6,identity_svd_R2,-5.753328558380041
E2,2,6,sorted_frozen_R2,-8.51183436807423
E2,2,7,continuous_R4,-8.55844910442811
E2,2,7,sorted_svd_R2,-9.08158066935551
E2,2,7,sorted_random_R2,-8.689185542310419
E2,2,7,sorted_svd_R4,-9.21027624101205
E2,2,7,identity_svd_R2,-5.769835309353227
E2,2,7,sorted_frozen_R2,-8.717517391164392
E2,2,8,continuous_R4,-8.342310439592286
E2,2,8,sorted_svd_R2,-8.844303170363347
E2,2,8,sorted_random_R2,-8.541657226378097
E2,2,8,sorted_svd_R4,-9.000865106755832
E2,2,8,identity_svd_R2,-5.6537616003858515
E2,2,8,sorted_frozen_R2,-8.604682408578542
E2,2,9,continuous_R4,-7.97906771553213
E2,2,9,sorted_svd_R2,-8.431917385921743
E2,2,9,sorted_random_R2,-8.11613470516255
E2,2,9,sorted_svd_R4,-8.606538764013866
E2,2,9,identity_svd_R2,-5.24753331622781
E2,2,9,sorted_frozen_R2,-8.17916256904907
E2,2,10,continuous_R4,-8.106150090165713
E2,2,10,sorted_svd_R2,-8.631668979549357
E2,2,10,sorted_random_R2,-8.396350304100432
E2,2,10,sorted_svd_R4,-8.842379060632958
E2,2,10,identity_svd_R2,-5.512710004180143
E2,2,10,sorted_frozen_R2,-8.33971812932585
E2,3,1,continuous_R4,-9.020204432474463
E2,3,1,sorted_svd_R2,-9.027084928651645
E2,3,1,sorted_random_R2,-7.578255666887517
E2,3,1,sorted_svd_R4,-9.01256431961793
E2,3,1,identity_svd_R2,-8.575136707303223
E2,3,1,sorted_frozen_R2,-8.94104702720769
E2,3,2,continuous_R4,-9.06640284106884
E2,3,2,sorted_svd_R2,-9.19494632283775
E2,3,2,sorted_random_R2,-7.2928994539606125
E2,3,2,sorted_svd_R4,-9.178496354947775
E2,3,2,identity_svd_R2,-7.873209943159689
E2,3,2,sorted_frozen_R2,-8.956040544372067
E2,3,3,continuous_R4,-9.203479880500332
E2,3,3,sorted_svd_R2,-9.551705687713678
E2,3,3,sorted_random_R2,-7.76031552849866
E2,3,3,sorted_svd_R4,-9.52629603928075
E2,3,3,identity_svd_R2,-7.709002801665637
E2,3,3,sorted_frozen_R2,-8.989156870594863
E2,3,4,continuous_R4,-9.086545271649058
E2,3,4,sorted_svd_R2,-9.54056913135935
E2,3,4,sorted_random_R2,-8.061584849716015
E2,3,4,sorted_svd_R4,-9.523536018955719
E2,3,4,identity_svd_R2,-7.418993417691857
E2,3,4,sorted_frozen_R2,-8.884731085527054
E2,3,5,continuous_R4,-8.679027117706228
E2,3,5,sorted_svd_R2,-9.148323599798015
E2,3,5,sorted_random_R2,-8.09803592878121
E2,3,5,sorted_svd_R4,-9.164009973315784
E2,3,5,identity_svd_R2,-7.091092548714074
E2,3,5,sorted_frozen_R2,-8.462020135954834
E2,3,6,continuous_R4,-8.46344529490714
E2,3,6,sorted_svd_R2,-9.029465446067192
E2,3,6,sorted_random_R2,-8.130507209340072
E2,3,6,sorted_svd_R4,-9.063866764296124
E2,3,6,identity_svd_R2,-6.768425615300705
E2,3,6,sorted_frozen_R2,-8.395080825719774
E2,3,7,continuous_R4,-8.783574831419838
E2,3,7,sorted_svd_R2,-9.334383937248468
E2,3,7,sorted_random_R2,-8.405707184213016
E2,3,7,sorted_svd_R4,-9.394438526168576
E2,3,7,identity_svd_R2,-6.926705195425139
E2,3,7,sorted_frozen_R2,-8.646557220760087
E2,3,8,continuous_R4,-9.219046236729115
E2,3,8,sorted_svd_R2,-9.82567990147451
E2,3,8,sorted_random_R2,-8.939844997111313
E2,3,8,sorted_svd_R4,-9.895888729968418
E2,3,8,identity_svd_R2,-7.25981803378302
E2,3,8,sorted_frozen_R2,-8.869119063545737
E2,3,9,continuous_R4,-9.040474795352713
E2,3,9,sorted_svd_R2,-9.603492875708193
E2,3,9,sorted_random_R2,-8.916401985160558
E2,3,9,sorted_svd_R4,-9.70451103960215
E2,3,9,identity_svd_R2,-7.06153021918122
E2,3,9,sorted_frozen_R2,-8.77912672300763
E2,3,10,continuous_R4,-8.90567941704894
E2,3,10,sorted_svd_R2,-9.495584891873156
E2,3,10,sorted_random_R2,-8.982591917623393
E2,3,10,sorted_svd_R4,-9.664060750504824
E2,3,10,identity_svd_R2,-6.991408981593938
E2,3,10,sorted_frozen_R2,-8.72852686818591
E2,4,1,continuous_R4,-9.026645234175652
E2,4,1,sorted_svd_R2,-9.021501328014077
E2,4,1,sorted_random_R2,-7.335102247533936
E2,4,1,sorted_svd_R4,-9.027980443059457
E2,4,1,identity_svd_R2,-7.969028614882723
E2,4,1,sorted_frozen_R2,-8.766698609911556
E2,4,2,continuous_R4,-8.556989390137064
E2,4,2,sorted_svd_R2,-8.60608508876782
E2,4,2,sorted_random_R2,-6.891281777636733
E2,4,2,sorted_svd_R4,-8.633485484701408
E2,4,2,identity_svd_R2,-6.782282754081501
E2,4,2,sorted_frozen_R2,-8.16495193758632
E2,4,3,continuous_R4,-8.355715431098142
E2,4,3,sorted_svd_R2,-8.505072455355931
E2,4,3,sorted_random_R2,-7.170151587293254
E2,4,3,sorted_svd_R4,-8.541682132241725
E2,4,3,identity_svd_R2,-6.23625723714813
E2,4,3,sorted_frozen_R2,-7.913315368319297
E2,4,4,continuous_R4,-8.74198587006518
E2,4,4,sorted_svd_R2,-8.883179997900628
E2,4,4,sorted_random_R2,-7.892254627987791
E2,4,4,sorted_svd_R4,-8.954928917927855
E2,4,4,identity_svd_R2,-6.4756706520626315
E2,4,4,sorted_frozen_R2,-8.106887241736098
E2,4,5,continuous_R4,-8.996713373299373
E2,4,5,sorted_svd_R2,-9.191065413052083
E2,4,5,sorted_random_R2,-8.403243898106112
E2,4,5,sorted_svd_R4,-9.276492543136815
E2,4,5,identity_svd_R2,-6.604188993474877
E2,4,5,sorted_frozen_R2,-8.301886601067467
E2,4,6,continuous_R4,-8.548777438077934
E2,4,6,sorted_svd_R2,-8.721166310860573
E2,4,6,sorted_random_R2,-8.226693030657675
E2,4,6,sorted_svd_R4,-8.823650201891295
E2,4,6,identity_svd_R2,-6.265288761838121
E2,4,6,sorted_frozen_R2,-7.821126968383208
E2,4,7,continuous_R4,-8.332657072279847
E2,4,7,sorted_svd_R2,-8.48270026275392
E2,4,7,sorted_random_R2,-8.17680456076324
E2,4,7,sorted_svd_R4,-8.610310971153735
E2,4,7,identity_svd_R2,-6.108702666199423
E2,4,7,sorted_frozen_R2,-7.710634767327696
E2,4,8,continuous_R4,-8.385790998159608
E2,4,8,sorted_svd_R2,-8.552267444258625
E2,4,8,sorted_random_R2,-8.333219845735755
E2,4,8,sorted_svd_R4,-8.739691030847965
E2,4,8,identity_svd_R2,-6.052664414005837
E2,4,8,sorted_frozen_R2,-7.744678589980558
E2,4,9,continuous_R4,-8.2074283013117
E2,4,9,sorted_svd_R2,-8.39993025051074
E2,4,9,sorted_random_R2,-8.276231107443753
E2,4,9,sorted_svd_R4,-8.602474612865143
E2,4,9,identity_svd_R2,-5.838431077229034
E2,4,9,sorted_frozen_R2,-7.657252867457996
E2,4,10,continuous_R4,-8.482115572268594
E2,4,10,sorted_svd_R2,-8.77442552327839
E2,4,10,sorted_random_R2,-8.626260387459295
E2,4,10,sorted_svd_R4,-8.986886070037606
E2,4,10,identity_svd_R2,-6.117320203361045
E2,4,10,sorted_frozen_R2,-7.908349946906616
E3,0,1,continuous_R4,-8.521416567953844
E3,0,1,sorted_svd_R2,-8.505883827462092
E3,0,1,sorted_random_R2,-6.839924839637686
E3,0,1,sorted_svd_R4,-8.518133718460588
E3,0,1,identity_svd_R2,-7.714310386586708
E3,0,1,sorted_frozen_R2,-8.540406148413664
E3,0,2,continuous_R4,-8.345506265008819
E3,0,2,sorted_svd_R2,-8.304817756922434
E3,0,2,sorted_random_R2,-6.413715559442295
E3,0,2,sorted_svd_R4,-8.34165928803737
E3,0,2,identity_svd_R2,-6.984736687814827
E3,0,2,sorted_frozen_R2,-8.47967264203733
E3,0,3,continuous_R4,-8.365282199753775
E3,0,3,sorted_svd_R2,-8.416546726824887
E3,0,3,sorted_random_R2,-6.873773676902263
E3,0,3,sorted_svd_R4,-8.462162014786939
E3,0,3,identity_svd_R2,-6.66931033184762
E3,0,3,sorted_frozen_R2,-8.529646175588965
E3,0,4,continuous_R4,-8.289766538311675
E3,0,4,sorted_svd_R2,-8.440801023798647
E3,0,4,sorted_random_R2,-7.322428023110333
E3,0,4,sorted_svd_R4,-8.50123724912496
E3,0,4,identity_svd_R2,-6.565529178616648
E3,0,4,sorted_frozen_R2,-8.453661303273062
E3,0,5,continuous_R4,-8.694256332488777
E3,0,5,sorted_svd_R2,-8.909039061699897
E3,0,5,sorted_random_R2,-8.012831854004606
E3,0,5,sorted_svd_R4,-8.98698260303053
E3,0,5,identity_svd_R2,-6.788106419596682
E3,0,5,sorted_frozen_R2,-8.86355288567527
E3,0,6,continuous_R4,-8.48879534494069
E3,0,6,sorted_svd_R2,-8.731632991694402
E3,0,6,sorted_random_R2,-8.118246649132839
E3,0,6,sorted_svd_R4,-8.851491419729992
E3,0,6,identity_svd_R2,-6.7050787411793955
E3,0,6,sorted_frozen_R2,-8.604530451800313
E3,0,7,continuous_R4,-8.506055627345646
E3,0,7,sorted_svd_R2,-8.809267615483574
E3,0,7,sorted_random_R2,-8.392700923645895
E3,0,7,sorted_svd_R4,-8.942400821309022
E3,0,7,identity_svd_R2,-6.724732324929761
E3,0,7,sorted_frozen_R2,-8.63288552136842
E3,0,8,continuous_R4,-8.484557839892172
E3,0,8,sorted_svd_R2,-8.844915654726268
E3,0,8,sorted_random_R2,-8.497756217323468
E3,0,8,sorted_svd_R4,-8.989120878205293
E3,0,8,identity_svd_R2,-6.718438770204722
E3,0,8,sorted_frozen_R2,-8.64629193063168
E3,0,9,continuous_R4,-8.47191045156768
E3,0,9,sorted_svd_R2,-8.829441474716683
E3,0,9,sorted_random_R2,-8.542176258237548
E3,0,9,sorted_svd_R4,-8.960819155524256
E3,0,9,identity_svd_R2,-6.738141847222549
E3,0,9,sorted_frozen_R2,-8.625427184345615
E3,0,10,continuous_R4,-8.631064334284842
E3,0,10,sorted_svd_R2,-8.970130861415358
E3,0,10,sorted_random_R2,-8.825424660804611
E3,0,10,sorted_svd_R4,-9.147279946159376
E3,0,10,identity_svd_R2,-6.980102206577652
E3,0,10,sorted_frozen_R2,-8.772418158201265
E3,1,1,continuous_R4,-8.382678995113382
E3,1,1,sorted_svd_R2,-8.398089189366072
E3,1,1,sorted_random_R2,-6.232697362406628
E3,1,1,sorted_svd_R4,-8.396843019458442
E3,1,1,identity_svd_R2,-7.406973360363234
E3,1,1,sorted_frozen_R2,-8.38220088824918
E3,1,2,continuous_R4,-8.299348102156536
E3,1,2,sorted_svd_R2,-8.316418431655011
E3,1,2,sorted_random_R2,-5.2877322330057375
E3,1,2,sorted_svd_R4,-8.33907463679651
E3,1,2,identity_svd_R2,-6.627769578311621
E3,1,2,sorted_frozen_R2,-8.34580889398525
E3,1,3,continuous_R4,-8.322562463980026
E3,1,3,sorted_svd_R2,-8.375835068338352
E3,1,3,sorted_random_R2,-5.815423346671096
E3,1,3,sorted_svd_R4,-8.41408300933545
E3,1,3,identity_svd_R2,-6.441145128454816
E3,1,3,sorted_frozen_R2,-8.393434819162685
E3,1,4,continuous_R4,-8.272437347325834
E3,1,4,sorted_svd_R2,-8.402932570886952
E3,1,4,sorted_random_R2,-6.243731197559016
E3,1,4,sorted_svd_R4,-8.446075693397358
E3,1,4,identity_svd_R2,-6.121881420184345
E3,1,4,sorted_frozen_R2,-8.368042727377647
E3,1,5,continuous_R4,-8.271440449600146
E3,1,5,sorted_svd_R2,-8.438781541524163
E3,1,5,sorted_random_R2,-6.675844210842932
E3,1,5,sorted_svd_R4,-8.470796122205892
E3,1,5,identity_svd_R2,-6.138950953183295
E3,1,5,sorted_frozen_R2,-8.373841730497368
E3,1,6,continuous_R4,-7.835988645728851
E3,1,6,sorted_svd_R2,-8.016502029060328
E3,1,6,sorted_random_R2,-6.748286603614276
E3,1,6,sorted_svd_R4,-8.031827765075827
E3,1,6,identity_svd_R2,-5.837257025471232
E3,1,6,sorted_frozen_R2,-7.926499601686236
E3,1,7,continuous_R4,-7.9250000283962985
E3,1,7,sorted_svd_R2,-8.094303193095566
E3,1,7,sorted_random_R2,-6.952762609536844
E3,1,7,sorted_svd_R4,-8.111862431162935
E3,1,7,identity_svd_R2,-5.832354822487964
E3,1,7,sorted_frozen_R2,-7.9976989034209875
E3,1,8,continuous_R4,-8.137102422265592
E3,1,8,sorted_svd_R2,-8.390900348572238
E3,1,8,sorted_random_R2,-7.259208004019062
E3,1,8,sorted_svd_R4,-8.425633546587928
E3,1,8,identity_svd_R2,-5.891394921905126
E3,1,8,sorted_frozen_R2,-8.280003620546799
E3,1,9,continuous_R4,-8.303844476598176
E3,1,9,sorted_svd_R2,-8.652918425262664
E3,1,9,sorted_random_R2,-7.543982602281511
E3,1,9,sorted_svd_R4,-8.712739211302855
E3,1,9,identity_svd_R2,-6.05795947223672
E3,1,9,sorted_frozen_R2,-8.49759729824845
E3,1,10,continuous_R4,-8.488291451486328
E3,1,10,sorted_svd_R2,-8.796241445228144
E3,1,10,sorted_random_R2,-7.819210527557498
E3,1,10,sorted_svd_R4,-8.876336644169191
E3,1,10,identity_svd_R2,-6.12641606866303
E3,1,10,sorted_frozen_R2,-8.592396166962237
E3,2,1,continuous_R4,-7.357709533086623
E3,2,1,sorted_svd_R2,-7.360555789943767
E3,2,1,sorted_random_R2,-5.927360278876497
E3,2,1,sorted_svd_R4,-7.357921604049944
E3,2,1,identity_svd_R2,-6.576252740438049
E3,2,1,sorted_frozen_R2,-7.355817988180024
E3,2,2,continuous_R4,-7.517992782472867
E3,2,2,sorted_svd_R2,-7.526751391667802
E3,2,2,sorted_random_R2,-5.861556476585049
E3,2,2,sorted_svd_R4,-7.525915413252537
E3,2,2,identity_svd_R2,-5.91893329969365
E3,2,2,sorted_frozen_R2,-7.463432338070903
E3,2,3,continuous_R4,-7.490388958801907
E3,2,3,sorted_svd_R2,-7.562365374446169
E3,2,3,sorted_random_R2,-6.2573393061716605
E3,2,3,sorted_svd_R4,-7.572863740615814
E3,2,3,identity_svd_R2,-5.584196375699538
E3,2,3,sorted_frozen_R2,-7.378050041949721
E3,2,4,continuous_R4,-7.71506199572342
E3,2,4,sorted_svd_R2,-7.8401809959663495
E3,2,4,sorted_random_R2,-6.876447117309582
E3,2,4,sorted_svd_R4,-7.868326712886287
E3,2,4,identity_svd_R2,-5.51589761602308
E3,2,4,sorted_frozen_R2,-7.521439132270988
E3,2,5,continuous_R4,-7.6340495652497085
E3,2,5,sorted_svd_R2,-7.8599616295409165
E3,2,5,sorted_random_R2,-7.16281820304447
E3,2,5,sorted_svd_R4,-7.884659899824539
E3,2,5,identity_svd_R2,-5.305421219521902
E3,2,5,sorted_frozen_R2,-7.44479756575466
E3,2,6,continuous_R4,-7.293503948197449
E3,2,6,sorted_svd_R2,-7.621188895689555
E3,2,6,sorted_random_R2,-7.145714902428389
E3,2,6,sorted_svd_R4,-7.644102602351862
E3,2,6,identity_svd_R2,-5.090191655181213
E3,2,6,sorted_frozen_R2,-7.217901517862265
E3,2,7,continuous_R4,-7.240646443315164
E3,2,7,sorted_svd_R2,-7.6340717763587405
E3,2,7,sorted_random_R2,-7.30244355205592
E3,2,7,sorted_svd_R4,-7.661067299590622
E3,2,7,identity_svd_R2,-5.073849713814296
E3,2,7,sorted_frozen_R2,-7.241816882380746
E3,2,8,continuous_R4,-7.207045919392543
E3,2,8,sorted_svd_R2,-7.795792410841117
E3,2,8,sorted_random_R2,-7.472338782859381
E3,2,8,sorted_svd_R4,-7.82755386397372
E3,2,8,identity_svd_R2,-5.048476550416391
E3,2,8,sorted_frozen_R2,-7.214302304591129
E3,2,9,continuous_R4,-7.060469177397705
E3,2,9,sorted_svd_R2,-7.740373025774552
E3,2,9,sorted_random_R2,-7.413119084700753
E3,2,9,sorted_svd_R4,-7.7787083801552654
E3,2,9,identity_svd_R2,-4.901016849141289
E3,2,9,sorted_frozen_R2,-7.1167042573379975
E3,2,10,continuous_R4,-7.225915119500804
E3,2,10,sorted_svd_R2,-7.882791804544742
E3,2,10,sorted_random_R2,-7.576530138682777
E3,2,10,sorted_svd_R4,-7.932032066598532
E3,2,10,identity_svd_R2,-4.9628119718188675
E3,2,10,sorted_frozen_R2,-7.261334455378485
E3,3,1,continuous_R4,-8.89538298175761
E3,3,1,sorted_svd_R2,-8.860284228872594
E3,3,1,sorted_random_R2,-6.746115059794936
E3,3,1,sorted_svd_R4,-8.905352346401129
E3,3,1,identity_svd_R2,-8.213583300893932
E3,3,1,sorted_frozen_R2,-8.847446079457404
E3,3,2,continuous_R4,-8.926235662735479
E3,3,2,sorted_svd_R2,-8.832582129495023
E3,3,2,sorted_random_R2,-5.998347452647318
E3,3,2,sorted_svd_R4,-8.970917303736881
E3,3,2,identity_svd_R2,-7.8092256261864055
E3,3,2,sorted_frozen_R2,-8.74828992587654
E3,3,3,continuous_R4,-8.78552233665763
E3,3,3,sorted_svd_R2,-8.723594240841221
E3,3,3,sorted_random_R2,-6.298873463911815
E3,3,3,sorted_svd_R4,-8.871935164121082
E3,3,3,identity_svd_R2,-7.577495029082057
E3,3,3,sorted_frozen_R2,-8.654524697139369
E3,3,4,continuous_R4,-9.10903358107354
E3,3,4,sorted_svd_R2,-9.097525836428174
E3,3,4,sorted_random_R2,-6.900429649634824
E3,3,4,sorted_svd_R4,-9.222786730627279
E3,3,4,identity_svd_R2,-7.6985878438730335
E3,3,4,sorted_frozen_R2,-9.042478108966439
E3,3,5,continuous_R4,-9.168907422792453
E3,3,5,sorted_svd_R2,-9.206090036420381
E3,3,5,sorted_random_R2,-7.2691117757905594
E3,3,5,sorted_svd_R4,-9.312377475541695
E3,3,5,identity_svd_R2,-7.7476743010044125
E3,3,5,sorted_frozen_R2,-8.946401366528256
E3,3,6,continuous_R4,-8.988366951932846
E3,3,6,sorted_svd_R2,-8.9993269833959
E3,3,6,sorted_random_R2,-7.519862068821839
E3,3,6,sorted_svd_R4,-9.126451821959087
E3,3,6,identity_svd_R2,-7.518939297698544
E3,3,6,sorted_frozen_R2,-8.655150303760813
E3,3,7,continuous_R4,-8.989508741041451
E3,3,7,sorted_svd_R2,-8.962473793949863
E3,3,7,sorted_random_R2,-7.670272244441949
E3,3,7,sorted_svd_R4,-9.117362872456676
E3,3,7,identity_svd_R2,-7.53576059024683
E3,3,7,sorted_frozen_R2,-8.642932881260085
E3,3,8,continuous_R4,-9.046740620302648
E3,3,8,sorted_svd_R2,-9.106058308124414
E3,3,8,sorted_random_R2,-7.835783541393223
E3,3,8,sorted_svd_R4,-9.270493433324566
E3,3,8,identity_svd_R2,-7.526549568043403
E3,3,8,sorted_frozen_R2,-8.818320073204315
E3,3,9,continuous_R4,-9.133811094071758
E3,3,9,sorted_svd_R2,-9.232631618901909
E3,3,9,sorted_random_R2,-7.96338602136231
E3,3,9,sorted_svd_R4,-9.412312177134881
E3,3,9,identity_svd_R2,-7.684360196263465
E3,3,9,sorted_frozen_R2,-8.89086720089642
E3,3,10,continuous_R4,-9.14704100708226
E3,3,10,sorted_svd_R2,-9.219189241096657
E3,3,10,sorted_random_R2,-8.118186078601383
E3,3,10,sorted_svd_R4,-9.473484420838
E3,3,10,identity_svd_R2,-7.5875107411246265
E3,3,10,sorted_frozen_R2,-8.913708994642805
E3,4,1,continuous_R4,-8.415420574045688
E3,4,1,sorted_svd_R2,-8.429852972894965
E3,4,1,sorted_random_R2,-6.307824460904405
E3,4,1,sorted_svd_R4,-8.439084048174847
E3,4,1,identity_svd_R2,-7.362620517234225
E3,4,1,sorted_frozen_R2,-8.379159293060127
E3,4,2,continuous_R4,-8.537804059705701
E3,4,2,sorted_svd_R2,-8.564101069599754
E3,4,2,sorted_random_R2,-5.857796298305708
E3,4,2,sorted_svd_R4,-8.582138086485275
E3,4,2,identity_svd_R2,-6.549414945106538
E3,4,2,sorted_frozen_R2,-8.495420586813845
E3,4,3,continuous_R4,-8.510892767030386
E3,4,3,sorted_svd_R2,-8.574337318976976
E3,4,3,sorted_random_R2,-6.498237057252009
E3,4,3,sorted_svd_R4,-8.609388454029997
E3,4,3,identity_svd_R2,-6.368708327138333
E3,4,3,sorted_frozen_R2,-8.459955751014919
E3,4,4,continuous_R4,-8.175101810810819
E3,4,4,sorted_svd_R2,-8.309806964543187
E3,4,4,sorted_random_R2,-6.7855989653815705
E3,4,4,sorted_svd_R4,-8.362710279786631
E3,4,4,identity_svd_R2,-5.98478436639227
E3,4,4,sorted_frozen_R2,-8.146798369344442
E3,4,5,continuous_R4,-8.134456985485842
E3,4,5,sorted_svd_R2,-8.32965277234177
E3,4,5,sorted_random_R2,-7.23837096228378
E3,4,5,sorted_svd_R4,-8.391609194793237
E3,4,5,identity_svd_R2,-5.960805625267778
E3,4,5,sorted_frozen_R2,-8.058540693289684
E3,4,6,continuous_R4,-8.113568055880817
E3,4,6,sorted_svd_R2,-8.322433770854023
E3,4,6,sorted_random_R2,-7.476752913845392
E3,4,6,sorted_svd_R4,-8.403857572012509
E3,4,6,identity_svd_R2,-5.996543491277888
E3,4,6,sorted_frozen_R2,-7.980215964672325
E3,4,7,continuous_R4,-8.050462661155214
E3,4,7,sorted_svd_R2,-8.262102539423886
E3,4,7,sorted_random_R2,-7.675877423985312
E3,4,7,sorted_svd_R4,-8.360610230304781
E3,4,7,identity_svd_R2,-5.928148616581418
E3,4,7,sorted_frozen_R2,-7.862024548454434
E3,4,8,continuous_R4,-8.023018647009119
E3,4,8,sorted_svd_R2,-8.273707097423374
E3,4,8,sorted_random_R2,-7.736361927429934
E3,4,8,sorted_svd_R4,-8.394035472418455
E3,4,8,identity_svd_R2,-6.073484364477963
E3,4,8,sorted_frozen_R2,-7.908390876534772
E3,4,9,continuous_R4,-8.088504188840236
E3,4,9,sorted_svd_R2,-8.40352912683132
E3,4,9,sorted_random_R2,-7.900582079698777
E3,4,9,sorted_svd_R4,-8.548957261437264
E3,4,9,identity_svd_R2,-6.083687172677349
E3,4,9,sorted_frozen_R2,-7.993524446378917
E3,4,10,continuous_R4,-8.351354610988317
E3,4,10,sorted_svd_R2,-8.663194706029511
E3,4,10,sorted_random_R2,-8.260022883304469
E3,4,10,sorted_svd_R4,-8.833173725471148
E3,4,10,identity_svd_R2,-6.275135053459989
E3,4,10,sorted_frozen_R2,-8.27122576196844
